Move,Use_Percentage (%),Pokemon
Behemoth Blade,99.996,Zacian Crowned Sword
Protect,98.672,Zacian Crowned Sword
Protect,67.612,Kyogre
Protect,72.095,Regieleki
Protect,47.379,Rillaboom
Protect,42.589,Groudon
Protect,71.432,Calyrex Shadow Rider
Protect,18.170,Thundurus Incarnate Forme
Protect,38.395,Landorus Therian Forme
Protect,96.360,Gastrodon
Protect,83.021,Charizard
Protect,87.546,Amoonguss
Protect,86.716,Indeedee Female
Protect,22.509,Whimsicott
Protect,51.466,Yveltal
Protect,50.254,Calyrex Ice Rider
Protect,41.038,Palkia
Protect,72.217,Tornadus Incarnate Forme
Protect,50.897,Zapdos
Protect,6.683,Blastoise
Protect,21.665,Venusaur
Protect,81.649,Ferrothorn
Protect,34.116,Urshifu Single Strike Style
Protect,98.794,Xerneas
Protect,12.815,Dialga
Protect,16.046,Shedinja
Protect,63.217,Solgaleo
Protect,80.649,Torkoal
Protect,63.421,Kingdra
Protect,99.905,Weezing
Protect,13.979,Entei
Protect,58.956,Lunala
Protect,67.535,White Kyurem
Protect,66.133,Tapu Fini
Protect,41.898,Urshifu Rapid Strike Style
Protect,8.373,Mimikyu
Protect,10.110,Gothitelle
Protect,19.664,Seismitoad
Protect,80.609,Ho-oh
Protect,38.355,Heat Rotom
Protect,52.181,Eternatus
Protect,33.156,Regigigas
Protect,7.227,Cinderace
Protect,28.780,Togekiss
Protect,95.081,Coalossal
Protect,15.463,Dragapult
Protect,40.430,Comfey
Protect,75.603,Lapras
Protect,51.967,Rayquaza
Protect,11.105,Spectrier
Protect,50.583,Reshiram
Protect,92.208,Zygarde Complete Forme
Protect,98.706,Mamoswine
Protect,16.709,Barraskewda
Protect,56.260,Celesteela
Protect,31.412,Metagross
Protect,63.689,Araquanid
Protect,34.151,Pheromosa
Protect,29.617,Arcanine
Protect,24.521,Zamazenta Crowned Shield
Protect,87.372,Clefairy
Protect,28.434,Lugia
Protect,12.797,Suicune
Protect,39.259,Landorus Incarnate Forme
Protect,17.619,Dusk Mane Necrozma
Protect,28.230,Alcremie
Protect,54.950,Tapu Koko
Protect,10.076,Hydreigon
Protect,5.447,Weavile
Protect,15.987,Tsareena
Protect,72.366,Glastrier
Protect,45.752,Dracovish
Protect,26.551,Regidrago
Protect,89.105,Zekrom
Protect,55.975,Shuckle
Protect,13.490,Galarian Zapdos
Protect,53.139,Volcarona
Protect,16.243,Snorlax
Protect,20.099,Stakataka
Protect,61.679,Thundurus Therian Forme
Protect,64.149,Galarian Moltres
Protect,10.561,Talonflame
Protect,28.812,Milotic
Protect,14.221,Mewtwo
Protect,23.569,Klinklang
Protect,49.926,Inteleon
Protect,85.435,Salamence
Protect,16.234,Hatterene
Protect,61.313,Escavalier
Protect,25.385,Wash Rotom
Protect,91.495,Politoed
Protect,54.366,Ludicolo
Protect,13.688,Slowking
Protect,86.110,Azumarill
Protect,21.058,Galarian Articuno
Protect,70.131,Tyranitar
Protect,39.686,Pikachu
Protect,34.660,Alolan Ninetales
Protect,61.602,Alolan Marowak
Protect,23.582,Slowbro
Protect,89.460,Giratina Origin Forme
Protect,92.099,Pelipper
Protect,98.182,Galarian Weezing
Protect,34.467,Kingler
Protect,5.918,Oranguru
Protect,79.896,Nihilego
Protect,36.337,Gyarados
Protect,78.372,Garchomp
Protect,3.302,Heliolisk
Protect,95.512,Tapu Bulu
Protect,70.513,Moltres
Protect,55.764,Krookodile
Protect,52.241,Excadrill
Protect,25.828,Primarina
Protect,31.680,Chandelure
Protect,7.983,Toxicroak
Protect,77.202,Dracozolt
Protect,12.192,Sceptile
Protect,59.938,Pincurchin
Protect,53.474,Centiskorch
Protect,12.887,Greedent
Protect,45.254,Porygon-Z
Protect,16.718,Butterfree
Protect,16.667,Lucario
Protect,39.933,Mudsdale
Protect,74.909,Cherrim
Protect,94.922,Exeggutor
Protect,36.205,Altaria
Protect,7.055,Klefki
Protect,38.745,Gigalith
Protect,16.695,Riolu
Protect,37.799,Mandibuzz
Protect,88.577,Lurantis
Protect,13.812,Dragonite
Protect,9.630,Darmanitan Standard Mode
Protect,76.158,Cradily
Protect,11.164,Scrafty
Protect,14.602,Aerodactyl
Protect,82.275,Kabutops
Protect,11.529,Articuno
Protect,34.539,Blacephalon
Protect,27.218,Duraludon
Protect,5.380,Drednaw
Protect,63.329,Heatran
Protect,89.806,Clefable
Protect,77.286,Appletun
Protect,28.990,Bisharp
Protect,98.265,Registeel
Protect,58.950,Rhyperior
Protect,99.276,Stonjourner
Protect,7.591,Leafeon
Protect,20.232,Abomasnow
Protect,50.219,Diggersby
Protect,71.993,Giratina Altered Forme
Protect,85.271,Swoobat
Protect,38.000,Vikavolt
Protect,52.899,Durant
Protect,17.115,Cresselia
Protect,93.210,Wishiwashi Solo Form
Protect,45.108,Conkeldurr
Protect,49.036,Boltund
Protect,94.208,Terrakion
Protect,15.715,Cobalion
Protect,87.031,Black Kyurem
Protect,10.292,Mantine
Protect,73.416,Machamp
Protect,16.916,Goodra
Protect,64.083,Accelgor
Protect,40.282,Xurkitree
Protect,92.519,Tauros
Protect,99.300,Garbodor
Protect,85.223,Luxray
Protect,12.018,Dugtrio
Protect,54.646,Mow Rotom
Protect,24.122,Gengar
Protect,98.813,Glaceon
Protect,39.458,Palossand
Protect,4.883,Espeon
Protect,87.579,Tyrantrum
Protect,10.940,Cinccino
Protect,87.442,Kommo-o
Protect,60.618,Cloyster
Protect,78.281,Blaziken
Protect,13.994,Drampa
Protect,12.672,Grapploct
Protect,47.421,Zoroark
Protect,36.674,Lilligant
Protect,25.162,Clawitzer
Protect,6.573,Haxorus
Protect,38.417,Dhelmise
Protect,11.221,Runerigus
Protect,70.320,Braviary
Protect,67.304,Virizion
Protect,73.459,Togetic
Protect,40.703,Alolan Raichu
Protect,25.439,Beartic
Protect,28.401,Copperajah
Protect,75.794,Flapple
Protect,59.852,Sylveon
Protect,5.742,Slurpuff
Protect,81.742,Eiscue Ice Face
Protect,47.416,Hippowdon
Protect,53.210,Alakazam
Protect,54.673,Arctozolt
Protect,19.047,Starmie
Protect,10.422,Turtonator
Protect,95.309,Sharpedo
Protect,7.267,Salazzle
Protect,53.752,Ninetales
Protect,16.429,Sirfetch'd
Protect,12.220,Ribombee
Protect,12.981,Charjabug
Protect,49.377,Toxtricity Low Key Form
Protect,90.257,Vaporeon
Protect,59.983,Mr. Mime
Protect,83.960,Magnezone
Protect,8.359,Gallade
Protect,4.948,Lopunny
Protect,58.104,Malamar
Protect,17.716,Golisopod
Protect,17.609,Golduck
Protect,83.578,Shiinotic
Protect,72.383,Lycanroc Dusk Form
Protect,8.383,Unfezant
Protect,17.094,Perrserker
Protect,16.763,Galarian Slowbro
Protect,75.251,Frost Rotom
Protect,90.387,Roserade
Protect,12.745,Tangrowth
Protect,79.327,Sandaconda
Protect,13.081,Polteageist
Protect,79.869,Tangela
Protect,30.138,Morpeko Full Belly Mode
Protect,6.521,Miltank
Protect,35.299,Crawdaunt
Protect,53.783,Heracross
Protect,78.948,Magneton
Protect,24.591,Stoutland
Protect,9.047,Noivern
Protect,32.156,Jolteon
Protect,21.109,Cursola
Protect,42.911,Falinks
Protect,19.588,Dedenne
Protect,77.894,Flygon
Protect,25.085,Reuniclus
Protect,46.477,Drapion
Protect,33.522,Exploud
Protect,64.885,Wigglytuff
Protect,8.494,Galarian Corsola
Protect,55.520,Vanilluxe
Protect,89.139,Seaking
Protect,3.754,Sigilyph
Protect,25.005,Decidueye
Protect,66.570,Galvantula
Protect,98.319,Arctovish
Protect,25.923,Maractus
Protect,5.489,Orbeetle
Protect,28.765,Passimian
Protect,35.810,Lycanroc Midday Form
Protect,9.791,Beheeyem
Protect,33.582,Marowak
Protect,85.918,Tentacruel
Protect,92.448,Dragalge
Protect,65.353,Flareon
Protect,86.025,Bewear
Protect,52.899,Scyther
Protect,56.919,Alolan Sandslash
Protect,52.147,Poliwrath
Protect,54.432,Lycanroc Midnight Form
Protect,82.856,Golurk
Protect,11.821,Lickilicky
Protect,95.162,Fan Rotom
Protect,15.894,Hitmonlee
Protect,70.405,Scolipede
Protect,12.438,Dunsparce
Protect,33.533,Sandslash
Protect,93.523,Steelix
Protect,87.569,Noctowl
Protect,99.994,Corsola
Protect,99.479,Mime Jr.
Sacred Sword,84.154,Zacian Crowned Sword
Sacred Sword,79.657,Kartana
Sacred Sword,6.292,Aegislash Shield Forme
Sacred Sword,34.585,Terrakion
Sacred Sword,11.150,Cobalion
Sacred Sword,23.068,Virizion
Play Rough,64.487,Zacian Crowned Sword
Play Rough,41.470,Mimikyu
Play Rough,20.904,Azumarill
Play Rough,7.758,Klefki
Play Rough,51.433,Beartic
Play Rough,30.973,Copperajah
Play Rough,2.978,Slurpuff
Play Rough,6.996,Lopunny
Play Rough,8.374,Lycanroc Dusk Form
Play Rough,35.295,Perrserker
Play Rough,67.263,Miltank
Play Rough,26.219,Stoutland
Play Rough,39.747,Lycanroc Midday Form
Play Rough,56.621,Lycanroc Midnight Form
Substitute,30.274,Zacian Crowned Sword
Substitute,41.087,Zygarde Complete Forme
Substitute,50.252,Landorus Incarnate Forme
Substitute,28.355,Dracovish
Substitute,69.009,Galarian Weezing
Substitute,28.799,Moltres
Substitute,12.912,Pincurchin
Substitute,10.040,Aegislash Shield Forme
Substitute,9.630,Darmanitan Standard Mode
Substitute,6.989,Heatran
Substitute,84.634,Swoobat
Substitute,6.055,Accelgor
Substitute,78.517,Manectric
Substitute,35.652,Magneton
Substitute,9.566,Dedenne
Substitute,14.445,Galarian Corsola
Substitute,9.016,Hitmonlee
Quick Attack,8.491,Zacian Crowned Sword
Quick Attack,19.387,Leafeon
Quick Attack,66.087,Sylveon
Quick Attack,4.634,Flareon
Quick Attack,9.841,Scyther
Fake Out,99.796,Incineroar
Fake Out,15.003,Grimmsnarl
Fake Out,97.616,Rillaboom
Fake Out,60.240,Blastoise
Fake Out,98.544,Raichu
Fake Out,60.813,Sableye
Fake Out,93.331,Gothitelle
Fake Out,98.840,Mienshao
Fake Out,93.209,Liepard
Fake Out,97.093,Weavile
Fake Out,97.021,Hitmontop
Fake Out,32.010,Meowstic Male
Fake Out,94.099,Alolan Persian
Fake Out,82.690,Sneasel
Fake Out,61.956,Ludicolo
Fake Out,97.760,Pikachu
Fake Out,17.459,Togedemaru
Fake Out,99.887,Kangaskhan
Fake Out,73.333,Shiftry
Fake Out,90.086,Toxicroak
Fake Out,96.795,Scrafty
Fake Out,98.966,Mr. Rime
Fake Out,94.730,Mime Galarian Mr. Mime
Fake Out,43.195,Alolan Raichu
Fake Out,98.395,Torracat
Fake Out,76.824,Salazzle
Fake Out,92.115,Mr. Mime
Fake Out,68.360,Lopunny
Fake Out,79.867,Perrserker
Fake Out,90.552,Morpeko Full Belly Mode
Fake Out,46.212,Hitmonlee
Flare Blitz,98.840,Incineroar
Flare Blitz,57.003,Entei
Flare Blitz,10.669,Cinderace
Flare Blitz,4.520,Coalossal
Flare Blitz,18.755,Arcanine
Flare Blitz,99.507,Darmanitan Galarian Standard Mode
Flare Blitz,27.480,Talonflame
Flare Blitz,99.748,Alolan Marowak
Flare Blitz,94.147,Centiskorch
Flare Blitz,97.886,Darmanitan Standard Mode
Flare Blitz,25.729,Blaziken
Flare Blitz,98.294,Flareon
Parting Shot,96.074,Incineroar
Parting Shot,9.867,Alolan Persian
Parting Shot,20.607,Obstagoon
Parting Shot,43.151,Silvally
Parting Shot,99.999,Torracat
Parting Shot,54.022,Thievul
Parting Shot,94.834,Morpeko Full Belly Mode
Darkest Lariat,40.006,Incineroar
Darkest Lariat,15.461,Regigigas
Darkest Lariat,41.896,Snorlax
Darkest Lariat,25.322,Krookodile
Darkest Lariat,95.840,Electivire
Darkest Lariat,23.038,Dusknoir
Darkest Lariat,91.567,Bewear
Darkest Lariat,16.886,Poliwrath
Throat Chop,21.099,Incineroar
Throat Chop,55.040,Barraskewda
Throat Chop,9.203,Pheromosa
Throat Chop,13.146,Weavile
Throat Chop,17.004,Galarian Zapdos
Throat Chop,68.177,Shiftry
Throat Chop,6.455,Obstagoon
Throat Chop,26.954,Scrafty
Throat Chop,8.382,Tauros
Throat Chop,84.021,Luxray
Throat Chop,8.365,Beartic
Throat Chop,4.192,Gallade
Throat Chop,75.328,Malamar
Throat Chop,7.187,Perrserker
Throat Chop,13.113,Heracross
Throat Chop,29.027,Falinks
Throat Chop,34.112,Hitmonlee
Throat Chop,94.336,Corsola
Taunt,20.389,Incineroar
Taunt,17.885,Thundurus Incarnate Forme
Taunt,27.545,Whimsicott
Taunt,24.366,Tornadus Incarnate Forme
Taunt,66.251,Dusclops
Taunt,97.786,Weezing
Taunt,30.703,Tapu Lele
Taunt,43.916,Mimikyu
Taunt,9.664,Gothitelle
Taunt,17.898,Umbreon
Taunt,47.284,Spectrier
Taunt,41.363,Tsareena
Taunt,9.719,Galarian Zapdos
Taunt,6.348,Alolan Persian
Taunt,10.039,Galarian Moltres
Taunt,17.313,Talonflame
Taunt,13.294,Sneasel
Taunt,28.552,Galarian Weezing
Taunt,21.789,Gyarados
Taunt,51.843,Tapu Bulu
Taunt,30.023,Froslass
Taunt,3.904,Jellicent
Taunt,62.001,Mandibuzz
Taunt,44.258,Obstagoon
Taunt,8.244,Scrafty
Taunt,6.800,Aerodactyl
Taunt,12.859,Heatran
Taunt,23.932,Bisharp
Taunt,10.710,Corviknight
Taunt,3.658,Gengar
Taunt,25.832,Crobat
Taunt,20.838,Zoroark
Taunt,4.292,Virizion
Taunt,7.572,Alakazam
Taunt,91.691,Torracat
Taunt,15.534,Thievul
Taunt,36.166,Salazzle
Taunt,48.955,Emolga
Taunt,26.599,Toxtricity Low Key Form
Taunt,27.722,Mr. Mime
Taunt,17.463,Unfezant
Taunt,11.065,Perrserker
Taunt,18.154,Morpeko Full Belly Mode
Taunt,22.837,Noivern
Taunt,60.279,Drapion
Taunt,75.360,Vanilluxe
Taunt,96.890,Mime Jr.
Snarl,9.495,Incineroar
Snarl,22.241,Calyrex Shadow Rider
Snarl,45.445,Yveltal
Snarl,28.703,Entei
Snarl,90.784,Umbreon
Snarl,85.823,Spectrier
Snarl,66.137,Arcanine
Snarl,62.251,Zamazenta Crowned Shield
Snarl,85.882,Suicune
Snarl,21.064,Liepard
Snarl,16.880,Hydreigon
Snarl,9.429,Glastrier
Snarl,37.830,Galarian Moltres
Snarl,7.901,Tyranitar
Snarl,22.824,Raikou
Snarl,29.799,Krookodile
Snarl,36.582,Mandibuzz
Snarl,56.413,Scrafty
Snarl,50.590,Boltund
Snarl,81.685,Manectric
Snarl,47.343,Drampa
Snarl,55.109,Zoroark
Snarl,81.397,Haxorus
Snarl,81.578,Thievul
Snarl,45.062,Toxtricity Low Key Form
Snarl,13.481,Stoutland
Snarl,11.199,Drapion
Water Spout,93.603,Kyogre
Water Spout,8.226,Blastoise
Water Spout,57.229,Jellicent
Origin Pulse,77.789,Kyogre
Ice Beam,77.355,Kyogre
Ice Beam,79.866,Gastrodon
Ice Beam,28.395,Porygon2
Ice Beam,15.366,Blastoise
Ice Beam,9.322,White Kyurem
Ice Beam,17.659,Milotic
Ice Beam,9.049,Mewtwo
Ice Beam,10.220,Inteleon
Ice Beam,6.014,Politoed
Ice Beam,34.866,Ludicolo
Ice Beam,10.837,Primarina
Ice Beam,7.909,Latias
Ice Beam,6.454,Cresselia
Ice Beam,93.187,Wishiwashi Solo Form
Ice Beam,82.954,Mantine
Ice Beam,5.947,Goodra
Ice Beam,38.335,Silvally
Ice Beam,13.248,Starmie
Ice Beam,10.988,Vaporeon
Ice Beam,2.911,Lopunny
Ice Beam,25.410,Golduck
Ice Beam,16.545,Cursola
Ice Beam,50.262,Exploud
Ice Beam,81.730,Seaking
Ice Beam,3.503,Tentacruel
Thunder,54.061,Kyogre
Thunder,25.838,Zapdos
Thunder,19.911,Lapras
Thunder,11.256,Tapu Koko
Thunder,40.022,Thundurus Therian Forme
Thunder,10.649,Wash Rotom
Thunder,14.286,Pikachu
Thunder,30.286,Raikou
Thunder,77.345,Heliolisk
Thunder,36.405,Porygon-Z
Thunder,28.627,Duraludon
Thunder,17.204,Vikavolt
Thunder,16.446,Xurkitree
Thunder,12.932,Mow Rotom
Thunder,86.412,Manectric
Thunder,8.394,Magnezone
Thunder,39.983,Frost Rotom
Thunder,37.509,Jolteon
Thunder,21.356,Reuniclus
Thunder,39.960,Galvantula
Thunder,12.558,Dragalge
Blizzard,12.518,Kyogre
Blizzard,52.957,Blastoise
Blizzard,24.820,Dialga
Blizzard,57.734,White Kyurem
Blizzard,19.520,Tapu Fini
Blizzard,19.916,Lapras
Blizzard,44.307,Milotic
Blizzard,14.876,Mewtwo
Blizzard,4.901,Ludicolo
Blizzard,75.578,Alolan Ninetales
Blizzard,13.382,Porygon-Z
Blizzard,74.712,Abomasnow
Blizzard,11.584,Glaceon
Blizzard,3.582,Vaporeon
Blizzard,99.999,Frost Rotom
Blizzard,8.443,Cursola
Blizzard,15.210,Exploud
Blizzard,99.833,Vanilluxe
Blizzard,30.075,Tentacruel
Blizzard,12.533,Dunsparce
Reflect,75.872,Grimmsnarl
Reflect,7.178,Tapu Lele
Reflect,4.686,Dragapult
Reflect,74.018,Meowstic Male
Reflect,47.943,Raikou
Reflect,55.960,Togedemaru
Reflect,78.803,Klefki
Reflect,29.119,Articuno
Reflect,4.840,Togetic
Reflect,8.773,Ribombee
Reflect,13.174,Aromatisse
Reflect,12.454,Magneton
Reflect,9.675,Claydol
Light Screen,63.992,Grimmsnarl
Light Screen,4.519,Raichu
Light Screen,5.232,Tapu Fini
Light Screen,8.997,Dragapult
Light Screen,7.671,Tapu Koko
Light Screen,80.128,Meowstic Male
Light Screen,44.365,Raikou
Light Screen,78.689,Klefki
Light Screen,94.869,Charjabug
Light Screen,13.208,Aromatisse
Light Screen,9.695,Claydol
Light Screen,9.362,Reuniclus
Light Screen,11.406,Galarian Corsola
Light Screen,3.514,Orbeetle
Thunder Wave,55.346,Grimmsnarl
Thunder Wave,11.828,Thundurus Incarnate Forme
Thunder Wave,7.192,Liepard
Thunder Wave,18.483,Meowstic Male
Thunder Wave,5.380,Tyranitar
Thunder Wave,43.625,Raikou
Thunder Wave,92.238,Klefki
Thunder Wave,13.820,Cresselia
Thunder Wave,46.664,Boltund
Thunder Wave,8.948,Manectric
Thunder Wave,14.468,Cinccino
Thunder Wave,12.305,Togetic
Thunder Wave,5.439,Salazzle
Thunder Wave,25.247,Mr. Mime
Thunder Wave,49.450,Lopunny
Thunder Wave,8.807,Miltank
Thunder Wave,5.819,Stoutland
Thunder Wave,28.580,Jolteon
Spirit Break,52.745,Grimmsnarl
Foul Play,38.453,Grimmsnarl
Foul Play,19.228,Thundurus Incarnate Forme
Foul Play,10.868,Amoonguss
Foul Play,60.609,Yveltal
Foul Play,44.718,Porygon2
Foul Play,13.929,Sableye
Foul Play,98.973,Umbreon
Foul Play,53.759,Liepard
Foul Play,33.373,Weavile
Foul Play,98.558,Alolan Persian
Foul Play,16.399,Galarian Moltres
Foul Play,4.420,Sneasel
Foul Play,15.684,Wash Rotom
Foul Play,14.817,Tyranitar
Foul Play,20.003,Oranguru
Foul Play,29.338,Krookodile
Foul Play,17.150,Shiftry
Foul Play,95.490,Toxicroak
Foul Play,13.299,Porygon-Z
Foul Play,24.454,Klefki
Foul Play,62.585,Mandibuzz
Foul Play,42.228,Scrafty
Foul Play,99.644,Diggersby
Foul Play,23.157,Thievul
Scary Face,34.624,Grimmsnarl
Scary Face,14.578,Thundurus Incarnate Forme
Scary Face,26.494,Drapion
Trick,32.650,Grimmsnarl
Trick,4.837,Calyrex Shadow Rider
Trick,20.679,Sableye
Trick,16.369,Indeedee Male
Trick,16.273,Meowstic Male
Trick,64.784,Blacephalon
Trick,22.267,Espeon
Trick,16.646,Starmie
Trick,4.564,Gallade
Trick,11.083,Frost Rotom
Fake Tears,17.558,Grimmsnarl
Fake Tears,7.076,Whimsicott
Fake Tears,55.942,Liepard
Fake Tears,68.219,Weavile
Fake Tears,82.176,Alolan Persian
Fake Tears,15.749,Alolan Ninetales
Fake Tears,40.278,Froslass
Fake Tears,14.467,Cinccino
Fake Tears,16.543,Zoroark
Fake Tears,51.229,Slurpuff
Fake Tears,70.030,Thievul
Fake Tears,4.237,Cofagrigus
Fake Tears,9.984,Salazzle
Fake Tears,18.621,Ninetales
Fake Tears,15.254,Ribombee
Fake Tears,10.809,Aromatisse
Fake Tears,23.305,Jolteon
Electroweb,84.902,Regieleki
Electroweb,16.444,Thundurus Incarnate Forme
Electroweb,67.333,Raichu
Electroweb,18.510,Tapu Koko
Electroweb,10.282,Thundurus Therian Forme
Electroweb,29.732,Pikachu
Electroweb,79.314,Heliolisk
Electroweb,22.414,Xurkitree
Electroweb,32.737,Mow Rotom
Electroweb,4.074,Emolga
Electroweb,58.466,Dedenne
Electroweb,88.152,Galvantula
Thunderbolt,38.147,Regieleki
Thunderbolt,22.150,Thundurus Incarnate Forme
Thunderbolt,69.658,Zapdos
Thunderbolt,98.385,Heat Rotom
Thunderbolt,5.622,Lugia
Thunderbolt,18.513,Tapu Koko
Thunderbolt,49.534,Thundurus Therian Forme
Thunderbolt,77.056,Wash Rotom
Thunderbolt,40.154,Pikachu
Thunderbolt,55.702,Raikou
Thunderbolt,11.739,Heliolisk
Thunderbolt,10.480,Porygon-Z
Thunderbolt,7.871,Latias
Thunderbolt,55.300,Duraludon
Thunderbolt,81.457,Vikavolt
Thunderbolt,50.185,Boltund
Thunderbolt,24.751,Goodra
Thunderbolt,50.410,Xurkitree
Thunderbolt,82.700,Mow Rotom
Thunderbolt,3.679,Gengar
Thunderbolt,11.696,Manectric
Thunderbolt,10.475,Starmie
Thunderbolt,83.416,Magnezone
Thunderbolt,99.008,Frost Rotom
Thunderbolt,54.470,Magneton
Thunderbolt,10.971,Jolteon
Thunderbolt,24.691,Wigglytuff
Thunderbolt,6.296,Gardevoir
Thunderbolt,45.944,Beheeyem
Thunderbolt,45.673,Dragalge
Thunderbolt,93.107,Fan Rotom
Bounce,36.589,Regieleki
Bounce,26.742,Kingdra
Bounce,75.287,Seismitoad
Bounce,80.270,Cinderace
Bounce,83.742,Barraskewda
Bounce,6.155,Tsareena
Bounce,72.574,Gyarados
Bounce,17.267,Shiftry
Bounce,76.306,Cobalion
Bounce,63.061,Virizion
Bounce,8.445,Sharpedo
Bounce,61.059,Hitmonlee
Wild Charge,34.983,Regieleki
Wild Charge,74.033,Thundurus Incarnate Forme
Wild Charge,34.579,Solgaleo
Wild Charge,6.365,Arcanine
Wild Charge,66.803,Tapu Koko
Wild Charge,99.837,Klinklang
Wild Charge,93.735,Electivire
Wild Charge,98.432,Luxray
Wild Charge,4.217,Bouffalant
Wild Charge,24.150,Stoutland
Wild Charge,6.628,Dunsparce
Volt Switch,29.405,Regieleki
Volt Switch,32.796,Raichu
Volt Switch,25.572,Tapu Koko
Volt Switch,19.345,Thundurus Therian Forme
Volt Switch,20.125,Wash Rotom
Volt Switch,6.914,Pikachu
Volt Switch,16.775,Raikou
Volt Switch,28.301,Togedemaru
Volt Switch,8.061,Heliolisk
Volt Switch,50.464,Vikavolt
Volt Switch,13.409,Mow Rotom
Volt Switch,29.041,Alolan Raichu
Volt Switch,33.833,Emolga
Volt Switch,5.294,Charjabug
Volt Switch,30.914,Toxtricity Low Key Form
Volt Switch,15.513,Magnezone
Volt Switch,17.272,Magneton
Volt Switch,32.355,Jolteon
Volt Switch,46.859,Dedenne
Assurance,24.911,Regieleki
Assurance,4.051,Scyther
Rising Voltage,21.208,Regieleki
Rising Voltage,59.461,Zekrom
Rising Voltage,8.926,Thundurus Therian Forme
Rising Voltage,13.807,Raikou
Rising Voltage,5.446,Heliolisk
Rising Voltage,84.385,Pincurchin
Rising Voltage,39.124,Xurkitree
Rising Voltage,90.900,Alolan Raichu
Rising Voltage,11.685,Magnezone
Rising Voltage,36.896,Magneton
Rising Voltage,38.965,Jolteon
Rising Voltage,4.796,Fan Rotom
Hyper Beam,20.250,Regieleki
Hyper Beam,6.413,Calyrex Shadow Rider
Hyper Beam,25.944,Porygon2
Hyper Beam,16.830,Xerneas
Hyper Beam,8.274,White Kyurem
Hyper Beam,6.680,Spectrier
Hyper Beam,60.189,Regidrago
Hyper Beam,28.827,Thundurus Therian Forme
Hyper Beam,12.109,Inteleon
Hyper Beam,4.885,Heliolisk
Hyper Beam,9.831,Primarina
Hyper Beam,90.706,Porygon-Z
Hyper Beam,19.625,Appletun
Hyper Beam,35.918,Xurkitree
Hyper Beam,43.523,Drampa
Hyper Beam,27.528,Sylveon
Hyper Beam,6.278,Wigglytuff
Hyper Beam,13.168,Tentacruel
Screech,12.164,Regieleki
Screech,4.799,Liepard
Screech,4.869,Sceptile
Screech,41.487,Thievul
Screech,9.294,Perrserker
Screech,59.272,Galvantula
Extreme Speed,5.350,Regieleki
Extreme Speed,40.914,Entei
Extreme Speed,13.041,Rayquaza
Extreme Speed,4.210,Arcanine
Extreme Speed,8.009,Lucario
Extreme Speed,51.549,Dragonite
Grassy Glide,99.878,Rillaboom
Grassy Glide,28.867,Tsareena
Grassy Glide,16.605,Lurantis
Grassy Glide,41.392,Dhelmise
Grassy Glide,13.247,Virizion
Grassy Glide,14.005,Flapple
Grassy Glide,29.647,Sirfetch'd
Grassy Glide,50.633,Gourgeist Small Size
Grassy Glide,12.489,Tangrowth
Grassy Glide,21.413,Decidueye
High Horsepower,62.281,Rillaboom
High Horsepower,81.641,Calyrex Ice Rider
High Horsepower,97.573,Regigigas
High Horsepower,92.386,Mamoswine
High Horsepower,99.988,Glastrier
High Horsepower,62.779,Snorlax
High Horsepower,11.555,Stakataka
High Horsepower,97.388,Swampert
High Horsepower,37.315,Tyranitar
High Horsepower,42.267,Kingler
High Horsepower,89.954,Tapu Bulu
High Horsepower,30.971,Krookodile
High Horsepower,50.366,Excadrill
High Horsepower,23.592,Dracozolt
High Horsepower,98.622,Mudsdale
High Horsepower,38.663,Rhyperior
High Horsepower,90.169,Diggersby
High Horsepower,5.646,Conkeldurr
High Horsepower,86.164,Tauros
High Horsepower,8.461,Dugtrio
High Horsepower,49.202,Copperajah
High Horsepower,61.767,Hippowdon
High Horsepower,85.370,Bouffalant
High Horsepower,80.172,Sandaconda
High Horsepower,14.035,Miltank
High Horsepower,9.408,Heracross
High Horsepower,8.536,Bewear
High Horsepower,15.551,Poliwrath
High Horsepower,80.024,Golurk
High Horsepower,67.397,Steelix
U Turn,48.902,Rillaboom
U Turn,18.237,Landorus Therian Forme
U Turn,12.535,Urshifu Single Strike Style
U Turn,15.795,Urshifu Rapid Strike Style
U Turn,22.434,Pheromosa
U Turn,63.756,Tapu Koko
U Turn,45.765,Tsareena
U Turn,58.343,Darmanitan Galarian Standard Mode
U Turn,9.284,Galarian Moltres
U Turn,93.126,Scizor
U Turn,88.110,Darmanitan Standard Mode
U Turn,11.099,Corviknight
U Turn,8.028,Accelgor
U Turn,21.801,Crobat
U Turn,5.378,Hawlucha
U Turn,2.711,Lopunny
U Turn,5.744,Unfezant
U Turn,21.987,Perrserker
U Turn,19.564,Noivern
U Turn,33.197,Decidueye
U Turn,51.630,Scyther
Wood Hammer,21.823,Rillaboom
Wood Hammer,6.496,Mimikyu
Wood Hammer,98.698,Tapu Bulu
Wood Hammer,7.884,Alolan Exeggutor
Wood Hammer,92.721,Trevenant
Wood Hammer,30.949,Abomasnow
Knock Off,9.280,Rillaboom
Knock Off,25.383,Escavalier
Knock Off,41.406,Kingler
Knock Off,97.547,Obstagoon
Knock Off,15.843,Machamp
Knock Off,12.938,Zoroark
Knock Off,54.860,Sirfetch'd
Knock Off,49.485,Gallade
Knock Off,78.569,Tangrowth
Knock Off,66.303,Crawdaunt
Knock Off,82.580,Drapion
Knock Off,9.901,Decidueye
Knock Off,40.541,Passimian
Knock Off,74.209,Lickilicky
Precipice Blades,99.792,Groudon
Rock Slide,54.962,Groudon
Rock Slide,85.296,Landorus Therian Forme
Rock Slide,43.071,Solgaleo
Rock Slide,4.831,Coalossal
Rock Slide,7.469,Zygarde Complete Forme
Rock Slide,23.361,Metagross
Rock Slide,20.609,Landorus Incarnate Forme
Rock Slide,15.830,Dusk Mane Necrozma
Rock Slide,8.071,Dracovish
Rock Slide,47.446,Darmanitan Galarian Standard Mode
Rock Slide,65.492,Stakataka
Rock Slide,66.503,Salamence
Rock Slide,94.303,Tyranitar
Rock Slide,10.627,Alolan Marowak
Rock Slide,35.939,Kingler
Rock Slide,82.668,Garchomp
Rock Slide,54.858,Krookodile
Rock Slide,87.735,Excadrill
Rock Slide,26.575,Shiftry
Rock Slide,59.216,Mudsdale
Rock Slide,98.421,Gigalith
Rock Slide,6.855,Dragonite
Rock Slide,82.090,Darmanitan Standard Mode
Rock Slide,6.765,Cradily
Rock Slide,90.163,Aerodactyl
Rock Slide,27.165,Kabutops
Rock Slide,92.731,Drednaw
Rock Slide,52.657,Rhyperior
Rock Slide,72.119,Stonjourner
Rock Slide,49.671,Diggersby
Rock Slide,95.859,Durant
Rock Slide,16.533,Conkeldurr
Rock Slide,94.024,Terrakion
Rock Slide,25.308,Black Kyurem
Rock Slide,3.591,Goodra
Rock Slide,2.980,Tauros
Rock Slide,58.463,Blissey
Rock Slide,4.824,Haxorus
Rock Slide,13.994,Runerigus
Rock Slide,46.238,Braviary
Rock Slide,38.610,Beartic
Rock Slide,44.164,Copperajah
Rock Slide,27.756,Hippowdon
Rock Slide,32.533,Arctozolt
Rock Slide,14.781,Gallade
Rock Slide,13.138,Malamar
Rock Slide,54.998,Lycanroc Dusk Form
Rock Slide,9.618,Bouffalant
Rock Slide,64.103,Sandaconda
Rock Slide,66.684,Miltank
Rock Slide,65.246,Heracross
Rock Slide,43.329,Falinks
Rock Slide,14.736,Flygon
Rock Slide,82.689,Crustle
Rock Slide,3.997,Dusknoir
Rock Slide,5.009,Drapion
Rock Slide,25.316,Passimian
Rock Slide,98.209,Lycanroc Midday Form
Rock Slide,84.337,Marowak
Rock Slide,14.619,Alolan Sandslash
Rock Slide,27.997,Poliwrath
Rock Slide,27.303,Lycanroc Midnight Form
Rock Slide,31.395,Hitmonlee
Rock Slide,9.285,Scolipede
Rock Slide,53.596,Dunsparce
Rock Slide,70.676,Sandslash
Rock Slide,4.941,Steelix
Stone Edge,38.319,Groudon
Stone Edge,77.952,Entei
Stone Edge,64.116,Landorus Incarnate Forme
Stone Edge,8.980,Dusk Mane Necrozma
Stone Edge,8.282,Dracovish
Stone Edge,15.440,Stakataka
Stone Edge,4.129,Tyranitar
Stone Edge,9.070,Tapu Bulu
Stone Edge,69.793,Kabutops
Stone Edge,34.534,Bisharp
Stone Edge,20.304,Rhyperior
Stone Edge,11.132,Giratina Altered Forme
Stone Edge,5.870,Terrakion
Stone Edge,81.122,Cobalion
Stone Edge,85.961,Machamp
Stone Edge,25.702,Virizion
Stone Edge,10.927,Beartic
Stone Edge,9.037,Copperajah
Stone Edge,10.804,Arctozolt
Stone Edge,30.927,Sandaconda
Stone Edge,12.366,Heracross
Stone Edge,16.930,Crustle
Stone Edge,82.050,Lycanroc Midnight Form
Stone Edge,20.389,Hitmonlee
Heavy Slam,36.446,Groudon
Heavy Slam,7.257,Calyrex Ice Rider
Heavy Slam,26.864,Celesteela
Heavy Slam,77.675,Glastrier
Heavy Slam,43.846,Mudsdale
Heavy Slam,56.707,Stonjourner
Heavy Slam,5.333,Beartic
Heavy Slam,17.714,Copperajah
Heavy Slam,10.092,Flapple
Fire Punch,32.270,Groudon
Fire Punch,3.947,Tyranitar
Fire Punch,17.822,Dragonite
Fire Punch,9.128,Obstagoon
Fire Punch,6.307,Rhyperior
Fire Punch,8.860,Conkeldurr
Fire Punch,11.956,Goodra
Fire Punch,8.050,Hawlucha
Fire Punch,3.944,Lopunny
Fire Punch,6.326,Miltank
Fire Punch,25.177,Dusknoir
Fire Punch,97.474,Druddigon
Fire Punch,43.000,Marowak
Fire Punch,8.256,Lycanroc Midnight Form
Fire Punch,13.139,Lickilicky
Heat Crash,29.673,Groudon
Heat Crash,28.138,Copperajah
Swords Dance,29.073,Groudon
Swords Dance,37.344,Landorus Therian Forme
Swords Dance,10.328,Calyrex Ice Rider
Swords Dance,32.483,Rayquaza
Swords Dance,19.905,Dusk Mane Necrozma
Swords Dance,18.215,Garchomp
Swords Dance,21.000,Aegislash Shield Forme
Swords Dance,24.619,Bisharp
Swords Dance,28.332,Rhyperior
Swords Dance,13.270,Hawlucha
Swords Dance,16.359,Virizion
Swords Dance,15.488,Golisopod
Swords Dance,23.176,Lycanroc Dusk Form
Swords Dance,11.444,Decidueye
Swords Dance,18.968,Lycanroc Midday Form
Swords Dance,50.120,Scyther
Swords Dance,28.469,Alolan Sandslash
Swords Dance,9.443,Lycanroc Midnight Form
Swords Dance,9.263,Lickilicky
Swords Dance,13.862,Scolipede
Giga Impact,6.494,Groudon
Giga Impact,15.590,Kartana
Giga Impact,99.433,Regigigas
Giga Impact,5.451,Snorlax
Giga Impact,9.842,Kangaskhan
Giga Impact,48.102,Diggersby
Giga Impact,5.547,Tauros
Giga Impact,21.270,Braviary
Giga Impact,5.245,Bouffalant
Giga Impact,52.864,Stoutland
Rock Tomb,6.127,Groudon
Rock Tomb,9.178,Landorus Therian Forme
Rock Tomb,8.265,Mienshao
Rock Tomb,73.229,Lucario
Rock Tomb,24.578,Stonjourner
Rock Tomb,21.944,Hawlucha
Rock Tomb,81.401,Haxorus
Bulldoze,4.949,Groudon
Bulldoze,6.471,Landorus Therian Forme
Bulldoze,20.967,Entei
Bulldoze,38.715,Spectrier
Bulldoze,4.828,Hydreigon
Bulldoze,7.123,Salamence
Bulldoze,53.102,Raikou
Bulldoze,37.996,Dracozolt
Bulldoze,6.854,Sceptile
Bulldoze,73.229,Lucario
Bulldoze,26.147,Altaria
Bulldoze,8.696,Latias
Bulldoze,9.989,Alolan Exeggutor
Bulldoze,9.952,Aerodactyl
Bulldoze,31.605,Conkeldurr
Bulldoze,8.124,Terrakion
Bulldoze,5.395,Runerigus
Bulldoze,3.655,Sharpedo
Bulldoze,47.886,Galarian Slowbro
Bulldoze,11.003,Claydol
Bulldoze,4.726,Flygon
Bulldoze,11.792,Dusknoir
Bulldoze,19.081,Lickilicky
Bulldoze,9.736,Scolipede
Bulldoze,61.897,Sandslash
Astral Barrage,99.995,Calyrex Shadow Rider
Expanding Force,44.349,Calyrex Shadow Rider
Expanding Force,86.470,Indeedee Female
Expanding Force,99.251,Indeedee Male
Expanding Force,4.804,Dusk Mane Necrozma
Expanding Force,36.195,Mewtwo
Expanding Force,84.501,Hatterene
Expanding Force,72.610,Slowking
Expanding Force,28.995,Galarian Articuno
Expanding Force,70.231,Slowbro
Expanding Force,54.489,Oranguru
Expanding Force,5.188,Exeggutor
Expanding Force,54.430,Espeon
Expanding Force,93.056,Alolan Raichu
Expanding Force,99.281,Alakazam
Expanding Force,79.794,Starmie
Expanding Force,93.646,Galarian Slowbro
Expanding Force,20.237,Claydol
Expanding Force,81.611,Reuniclus
Expanding Force,12.082,Wigglytuff
Expanding Force,95.954,Gardevoir
Expanding Force,83.206,Sigilyph
Expanding Force,73.762,Orbeetle
Expanding Force,93.324,Beheeyem
Will O Wisp,42.417,Calyrex Shadow Rider
Will O Wisp,19.226,Dusclops
Will O Wisp,98.913,Weezing
Will O Wisp,11.722,Lunala
Will O Wisp,86.776,Sableye
Will O Wisp,79.992,Mimikyu
Will O Wisp,56.661,Heat Rotom
Will O Wisp,48.470,Dragapult
Will O Wisp,89.432,Spectrier
Will O Wisp,89.474,Arcanine
Will O Wisp,22.672,Volcarona
Will O Wisp,51.275,Talonflame
Will O Wisp,45.424,Wash Rotom
Will O Wisp,93.353,Galarian Weezing
Will O Wisp,9.800,Moltres
Will O Wisp,95.559,Drifblim
Will O Wisp,51.433,Froslass
Will O Wisp,20.549,Jellicent
Will O Wisp,19.273,Giratina Altered Forme
Will O Wisp,43.491,Mow Rotom
Will O Wisp,6.350,Gengar
Will O Wisp,8.306,Runerigus
Will O Wisp,35.701,Cofagrigus
Will O Wisp,25.717,Ninetales
Will O Wisp,24.603,Gourgeist Small Size
Will O Wisp,13.490,Frost Rotom
Will O Wisp,25.925,Polteageist
Will O Wisp,78.352,Gourgeist Super Size
Will O Wisp,78.589,Galarian Corsola
Mud Shot,26.909,Calyrex Shadow Rider
Mud Shot,6.835,Spectrier
Mud Shot,6.824,Milotic
Mud Shot,70.091,Slowbro
Mud Shot,36.583,Vikavolt
Mud Shot,16.404,Thievul
Mud Shot,2.635,Galarian Slowbro
Psyshock,18.397,Calyrex Shadow Rider
Psyshock,10.628,Tapu Lele
Psyshock,47.127,Meowstic Male
Psyshock,8.727,Latias
Psyshock,23.744,Cresselia
Psyshock,40.793,Mime Galarian Mr. Mime
Psyshock,14.009,Reuniclus
Leaf Storm,17.106,Calyrex Shadow Rider
Leaf Storm,61.615,Venusaur
Leaf Storm,41.766,Ludicolo
Leaf Storm,78.914,Sceptile
Leaf Storm,6.399,Lurantis
Leaf Storm,17.410,Alolan Exeggutor
Leaf Storm,20.560,Abomasnow
Leaf Storm,99.954,Mow Rotom
Leaf Storm,46.244,Lilligant
Leaf Storm,91.298,Roserade
Leaf Storm,51.925,Tangrowth
Leaf Storm,19.655,Decidueye
Leaf Storm,39.806,Maractus
Trick Room,10.284,Calyrex Shadow Rider
Trick Room,10.418,Whimsicott
Trick Room,80.271,Calyrex Ice Rider
Trick Room,66.273,Palkia
Trick Room,89.721,Porygon2
Trick Room,34.785,Dialga
Trick Room,99.720,Dusclops
Trick Room,81.709,Lunala
Trick Room,90.227,Mimikyu
Trick Room,26.848,Gothitelle
Trick Room,89.100,Bronzong
Trick Room,81.248,Indeedee Male
Trick Room,61.193,Comfey
Trick Room,98.313,Dawn Wings Necrozma
Trick Room,67.440,Dusk Mane Necrozma
Trick Room,6.541,Meowstic Male
Trick Room,93.105,Stakataka
Trick Room,13.580,Mewtwo
Trick Room,76.270,Klinklang
Trick Room,84.068,Hatterene
Trick Room,86.098,Slowking
Trick Room,70.209,Galarian Articuno
Trick Room,74.327,Slowbro
Trick Room,94.086,Oranguru
Trick Room,17.683,Nihilego
Trick Room,73.539,Chandelure
Trick Room,41.094,Porygon-Z
Trick Room,97.280,Jellicent
Trick Room,99.562,Alolan Exeggutor
Trick Room,5.117,Trevenant
Trick Room,71.706,Cresselia
Trick Room,98.937,Mr. Rime
Trick Room,31.653,Gengar
Trick Room,46.119,Espeon
Trick Room,87.217,Runerigus
Trick Room,31.882,Alakazam
Trick Room,97.278,Cofagrigus
Trick Room,13.289,Starmie
Trick Room,34.985,Mr. Mime
Trick Room,27.514,Gallade
Trick Room,74.028,Gourgeist Small Size
Trick Room,68.450,Malamar
Trick Room,82.873,Galarian Slowbro
Trick Room,99.680,Aromatisse
Trick Room,97.989,Gourgeist Super Size
Trick Room,86.003,Claydol
Trick Room,94.054,Reuniclus
Trick Room,91.525,Dusknoir
Trick Room,84.948,Gardevoir
Trick Room,87.535,Sigilyph
Trick Room,75.249,Orbeetle
Trick Room,14.673,Beheeyem
Trick Room,91.199,Mime Jr.
Trick Room,99.986,Gourgeist Large Size
Energy Ball,7.051,Calyrex Shadow Rider
Energy Ball,38.249,Whimsicott
Energy Ball,13.322,Tapu Lele
Energy Ball,11.243,Celesteela
Energy Ball,34.295,Ludicolo
Energy Ball,14.182,Primarina
Energy Ball,10.810,Chandelure
Energy Ball,9.565,Sceptile
Energy Ball,24.574,Cherrim
Energy Ball,82.448,Exeggutor
Energy Ball,8.132,Latias
Energy Ball,40.742,Cradily
Energy Ball,31.880,Abomasnow
Energy Ball,51.566,Vikavolt
Energy Ball,8.593,Cresselia
Energy Ball,49.345,Xurkitree
Energy Ball,27.188,Gengar
Energy Ball,48.861,Palossand
Energy Ball,39.051,Drampa
Energy Ball,12.871,Lilligant
Energy Ball,6.404,Virizion
Energy Ball,10.686,Alakazam
Energy Ball,3.159,Ninetales
Energy Ball,39.791,Shiinotic
Energy Ball,42.136,Vileplume
Energy Ball,11.911,Reuniclus
Energy Ball,3.868,Sigilyph
Energy Ball,16.411,Galvantula
Energy Ball,9.454,Maractus
Energy Ball,15.806,Orbeetle
Energy Ball,90.038,Beheeyem
Speed Swap,5.031,Calyrex Shadow Rider
Speed Swap,17.598,Bronzong
Speed Swap,44.941,Pheromosa
Speed Swap,11.351,Alolan Raichu
Speed Swap,14.679,Alakazam
Speed Swap,82.033,Ribombee
Imprison,4.292,Calyrex Shadow Rider
Imprison,78.776,Indeedee Male
Imprison,61.233,Chandelure
Imprison,5.103,Runerigus
Imprison,26.181,Alakazam
Imprison,10.982,Gallade
Imprison,56.075,Gourgeist Small Size
Imprison,2.375,Galarian Slowbro
Imprison,17.167,Gourgeist Super Size
Imprison,72.714,Claydol
Imprison,83.492,Gardevoir
Imprison,82.149,Sigilyph
Imprison,6.387,Decidueye
Imprison,70.952,Orbeetle
Imprison,99.986,Gourgeist Large Size
Fly,71.796,Thundurus Incarnate Forme
Fly,90.761,Landorus Therian Forme
Fly,69.188,Dragapult
Fly,79.577,Landorus Incarnate Forme
Fly,53.503,Thundurus Therian Forme
Fly,73.574,Flapple
Brick Break,43.333,Thundurus Incarnate Forme
Brick Break,11.325,Barraskewda
Brick Break,18.977,Metagross
Brick Break,19.779,Hitmontop
Brick Break,12.437,Galarian Zapdos
Brick Break,9.178,Alolan Marowak
Brick Break,23.397,Kingler
Brick Break,9.384,Garchomp
Brick Break,33.477,Excadrill
Brick Break,85.023,Toxicroak
Brick Break,11.856,Riolu
Brick Break,40.760,Darmanitan Standard Mode
Brick Break,12.060,Obstagoon
Brick Break,22.399,Scrafty
Brick Break,29.947,Hawlucha
Brick Break,5.075,Miltank
Brick Break,11.859,Crawdaunt
Brick Break,22.150,Dusknoir
Brick Break,30.089,Drapion
Brick Break,6.829,Marowak
Brick Break,5.937,Bewear
Brick Break,35.236,Scyther
Brick Break,31.389,Sandslash
Eerie Impulse,24.899,Thundurus Incarnate Forme
Eerie Impulse,34.166,Porygon2
Eerie Impulse,19.148,Zapdos
Eerie Impulse,12.494,Raichu
Eerie Impulse,17.358,Wash Rotom
Eerie Impulse,29.587,Raikou
Eerie Impulse,11.179,Emolga
Eerie Impulse,84.456,Charjabug
Eerie Impulse,13.650,Dedenne
Superpower,18.700,Thundurus Incarnate Forme
Superpower,49.018,Darmanitan Galarian Standard Mode
Superpower,5.114,Snorlax
Superpower,86.111,Scizor
Superpower,17.602,Tyranitar
Superpower,46.658,Gigalith
Superpower,99.995,Lurantis
Superpower,15.490,Dragonite
Superpower,10.719,Kabutops
Superpower,4.833,Rhyperior
Superpower,31.615,Durant
Superpower,27.442,Goodra
Superpower,52.894,Beartic
Superpower,10.187,Copperajah
Superpower,99.825,Malamar
Superpower,19.787,Stoutland
Superpower,9.104,Flygon
Superpower,92.253,Druddigon
Superpower,95.825,Flareon
Superpower,18.661,Scolipede
Crunch,12.792,Thundurus Incarnate Forme
Crunch,51.432,Entei
Crunch,34.666,Barraskewda
Crunch,50.063,Dracovish
Crunch,4.787,Zekrom
Crunch,4.810,Salamence
Crunch,41.823,Tyranitar
Crunch,16.509,Gyarados
Crunch,9.381,Centiskorch
Crunch,25.266,Scrafty
Crunch,56.664,Silvally
Crunch,9.039,Hippowdon
Crunch,92.529,Sharpedo
Crunch,40.591,Crawdaunt
Crunch,4.615,Stoutland
Crunch,8.457,Lycanroc Midday Form
Crunch,9.385,Lycanroc Midnight Form
Rain Dance,6.781,Thundurus Incarnate Forme
Rain Dance,12.390,Tornadus Incarnate Forme
Rain Dance,29.453,Raikou
Rain Dance,18.753,Klefki
Rain Dance,76.317,Luxray
Rain Dance,12.436,Magneton
Iron Tail,6.068,Thundurus Incarnate Forme
Iron Tail,31.525,Zygarde Complete Forme
Iron Tail,14.640,Rhyperior
Iron Tail,32.068,Leafeon
Iron Tail,19.472,Goodra
Iron Tail,6.811,Haxorus
Iron Tail,67.686,Flareon
Iron Tail,72.916,Lycanroc Midnight Form
Grass Knot,3.807,Thundurus Incarnate Forme
Grass Knot,5.611,Tapu Fini
Grass Knot,8.981,Landorus Incarnate Forme
Grass Knot,12.263,Tapu Koko
Grass Knot,67.783,Thundurus Therian Forme
Grass Knot,9.451,Mewtwo
Grass Knot,10.546,Pikachu
Grass Knot,74.485,Nihilego
Grass Knot,9.419,Cherrim
Grass Knot,43.084,Alolan Exeggutor
Grass Knot,31.718,Xurkitree
Grass Knot,4.069,Zoroark
Grass Knot,8.070,Alolan Raichu
Grass Knot,14.653,Wigglytuff
Earthquake,93.103,Landorus Therian Forme
Earthquake,94.249,Solgaleo
Earthquake,11.265,Seismitoad
Earthquake,56.709,Ho-oh
Earthquake,10.442,Rayquaza
Earthquake,7.915,Celesteela
Earthquake,15.203,Metagross
Earthquake,68.895,Dusk Mane Necrozma
Earthquake,13.781,Dracovish
Earthquake,28.743,Darmanitan Galarian Standard Mode
Earthquake,22.506,Snorlax
Earthquake,14.967,Mewtwo
Earthquake,8.314,Salamence
Earthquake,8.787,Tyranitar
Earthquake,9.243,Gyarados
Earthquake,85.835,Garchomp
Earthquake,6.087,Kangaskhan
Earthquake,64.961,Krookodile
Earthquake,51.834,Excadrill
Earthquake,3.346,Sceptile
Earthquake,87.034,Greedent
Earthquake,6.962,Lucario
Earthquake,38.584,Dragonite
Earthquake,46.316,Darmanitan Standard Mode
Earthquake,7.812,Aerodactyl
Earthquake,8.013,Drednaw
Earthquake,60.126,Rhyperior
Earthquake,91.903,Electivire
Earthquake,24.515,Abomasnow
Earthquake,11.244,Diggersby
Earthquake,27.481,Giratina Altered Forme
Earthquake,6.812,Wishiwashi Solo Form
Earthquake,39.568,Terrakion
Earthquake,9.506,Tauros
Earthquake,90.913,Dugtrio
Earthquake,88.250,Tyrantrum
Earthquake,19.388,Blaziken
Earthquake,90.029,Haxorus
Earthquake,18.830,Dhelmise
Earthquake,30.158,Runerigus
Earthquake,7.637,Copperajah
Earthquake,16.175,Hippowdon
Earthquake,13.202,Sandaconda
Earthquake,6.948,Heracross
Earthquake,10.443,Claydol
Earthquake,17.880,Flygon
Earthquake,94.413,Crustle
Earthquake,22.497,Dusknoir
Earthquake,11.409,Drapion
Earthquake,57.458,Passimian
Earthquake,38.828,Marowak
Earthquake,22.622,Alolan Sandslash
Earthquake,15.219,Golurk
Earthquake,10.365,Hitmonlee
Earthquake,21.901,Scolipede
Earthquake,21.783,Sandslash
Earthquake,30.194,Steelix
Earth Power,7.275,Landorus Therian Forme
Earth Power,98.795,Gastrodon
Earth Power,72.407,Palkia
Earth Power,63.727,Venusaur
Earth Power,87.838,Dialga
Earth Power,23.092,Torkoal
Earth Power,97.707,White Kyurem
Earth Power,7.535,Seismitoad
Earth Power,7.211,Ho-oh
Earth Power,55.012,Rayquaza
Earth Power,86.059,Reshiram
Earth Power,95.189,Lugia
Earth Power,99.472,Landorus Incarnate Forme
Earth Power,16.312,Dusk Mane Necrozma
Earth Power,93.957,Hydreigon
Earth Power,64.629,Zekrom
Earth Power,17.636,Cradily
Earth Power,90.586,Heatran
Earth Power,39.411,Abomasnow
Earth Power,34.199,Giratina Altered Forme
Earth Power,4.834,Black Kyurem
Earth Power,98.134,Palossand
Earth Power,63.529,Cursola
Earth Power,73.564,Flygon
Yawn,96.989,Gastrodon
Yawn,59.178,Blastoise
Yawn,64.405,Torkoal
Yawn,41.331,Togekiss
Yawn,97.716,Umbreon
Yawn,38.753,Liepard
Yawn,25.288,Meowstic Male
Yawn,35.127,Snorlax
Yawn,95.446,Swampert
Yawn,27.775,Slowbro
Yawn,13.558,Oranguru
Yawn,67.568,Accelgor
Yawn,50.966,Glaceon
Yawn,36.712,Togetic
Yawn,23.968,Sylveon
Yawn,79.920,Slurpuff
Yawn,72.347,Hippowdon
Yawn,3.095,Vaporeon
Yawn,43.566,Golduck
Yawn,9.179,Galarian Slowbro
Yawn,27.732,Stoutland
Yawn,11.079,Jolteon
Icy Wind,14.347,Gastrodon
Icy Wind,24.594,Porygon2
Icy Wind,66.041,Tornadus Incarnate Forme
Icy Wind,19.769,Blastoise
Icy Wind,28.331,Kingdra
Icy Wind,15.553,Tapu Fini
Icy Wind,7.153,Lapras
Icy Wind,50.314,Pheromosa
Icy Wind,24.124,Clefairy
Icy Wind,6.221,Lugia
Icy Wind,23.790,Suicune
Icy Wind,68.313,Weavile
Icy Wind,94.652,Alolan Persian
Icy Wind,22.098,Milotic
Icy Wind,54.360,Inteleon
Icy Wind,96.540,Sneasel
Icy Wind,83.058,Politoed
Icy Wind,31.843,Ludicolo
Icy Wind,46.024,Alolan Ninetales
Icy Wind,21.906,Gyarados
Icy Wind,47.103,Froslass
Icy Wind,32.440,Latias
Icy Wind,44.255,Obstagoon
Icy Wind,6.896,Kabutops
Icy Wind,11.067,Articuno
Icy Wind,29.963,Cresselia
Icy Wind,3.256,Black Kyurem
Icy Wind,20.968,Gengar
Icy Wind,36.281,Glaceon
Icy Wind,95.431,Mime Galarian Mr. Mime
Icy Wind,94.663,Qwilfish
Icy Wind,10.359,Starmie
Icy Wind,15.352,Vaporeon
Icy Wind,33.614,Golduck
Icy Wind,14.187,Vanilluxe
Icy Wind,7.753,Seaking
Icy Wind,12.633,Tentacruel
Icy Wind,34.512,Lickilicky
Blast Burn,88.243,Charizard
Hurricane,80.422,Charizard
Hurricane,94.991,Tornadus Incarnate Forme
Hurricane,96.628,Zapdos
Hurricane,70.551,Kingdra
Hurricane,46.563,Rayquaza
Hurricane,40.218,Galarian Moltres
Hurricane,53.419,Mewtwo
Hurricane,68.782,Salamence
Hurricane,87.905,Galarian Articuno
Hurricane,95.722,Pelipper
Hurricane,99.632,Moltres
Hurricane,24.625,Butterfree
Hurricane,4.825,Dragonite
Hurricane,67.066,Articuno
Hurricane,99.147,Mantine
Hurricane,42.069,Noivern
Hurricane,19.818,Decidueye
Hurricane,90.912,Noctowl
Ancient Power,48.995,Charizard
Ancient Power,18.699,Regidrago
Ancient Power,9.454,Galarian Moltres
Ancient Power,11.213,Mewtwo
Ancient Power,17.990,Galarian Articuno
Ancient Power,41.541,Cradily
Ancient Power,7.799,Stonjourner
Ancient Power,7.294,Giratina Altered Forme
Ancient Power,7.549,Tangrowth
Heat Wave,38.932,Charizard
Heat Wave,32.104,Yveltal
Heat Wave,73.258,Zapdos
Heat Wave,47.296,Torkoal
Heat Wave,5.624,Ho-oh
Heat Wave,92.384,Coalossal
Heat Wave,14.955,Reshiram
Heat Wave,48.540,Arcanine
Heat Wave,80.857,Volcarona
Heat Wave,11.510,Salamence
Heat Wave,51.684,Moltres
Heat Wave,85.717,Chandelure
Heat Wave,9.772,Blacephalon
Heat Wave,55.981,Heatran
Heat Wave,65.534,Blaziken
Heat Wave,6.116,Togetic
Heat Wave,68.342,Turtonator
Heat Wave,60.429,Salazzle
Heat Wave,79.378,Ninetales
Heat Wave,7.061,Noivern
Heat Wave,5.764,Noctowl
Solar Beam,16.248,Charizard
Solar Beam,11.089,Torkoal
Solar Beam,91.809,Coalossal
Solar Beam,45.992,Reshiram
Solar Beam,21.127,Talonflame
Solar Beam,9.887,Heliolisk
Solar Beam,29.069,Moltres
Solar Beam,42.024,Blacephalon
Solar Beam,26.833,Heatran
Solar Beam,9.170,Lilligant
Solar Beam,67.830,Ninetales
Solar Beam,26.849,Vileplume
Air Slash,15.085,Charizard
Air Slash,9.320,Ho-oh
Air Slash,37.443,Togekiss
Air Slash,7.546,Rayquaza
Air Slash,61.181,Celesteela
Air Slash,49.827,Galarian Moltres
Air Slash,77.367,Inteleon
Air Slash,10.656,Galarian Articuno
Air Slash,9.359,Shiftry
Air Slash,29.785,Articuno
Air Slash,10.333,Virizion
Air Slash,43.865,Emolga
Air Slash,41.919,Noivern
Air Slash,4.597,Flygon
Air Slash,19.737,Sigilyph
Air Slash,7.721,Decidueye
Air Slash,100.000,Fan Rotom
Air Slash,6.991,Dunsparce
Helping Hand,11.829,Charizard
Helping Hand,92.200,Indeedee Female
Helping Hand,65.191,Whimsicott
Helping Hand,37.541,Blastoise
Helping Hand,12.099,Urshifu Single Strike Style
Helping Hand,38.375,Dusclops
Helping Hand,70.022,Raichu
Helping Hand,11.312,White Kyurem
Helping Hand,14.095,Sableye
Helping Hand,5.870,Urshifu Rapid Strike Style
Helping Hand,96.715,Gothitelle
Helping Hand,27.471,Heat Rotom
Helping Hand,82.768,Togekiss
Helping Hand,61.219,Indeedee Male
Helping Hand,16.849,Comfey
Helping Hand,50.981,Lapras
Helping Hand,15.329,Arcanine
Helping Hand,13.612,Zamazenta Crowned Shield
Helping Hand,94.232,Clefairy
Helping Hand,31.096,Mienshao
Helping Hand,19.984,Suicune
Helping Hand,63.509,Tsareena
Helping Hand,26.015,Hitmontop
Helping Hand,21.211,Shuckle
Helping Hand,15.918,Milotic
Helping Hand,18.586,Wash Rotom
Helping Hand,83.949,Politoed
Helping Hand,37.300,Pikachu
Helping Hand,7.865,Togedemaru
Helping Hand,91.494,Cherrim
Helping Hand,22.874,Riolu
Helping Hand,47.122,Latias
Helping Hand,84.697,Clefable
Helping Hand,11.151,Rhyperior
Helping Hand,52.563,Cresselia
Helping Hand,98.721,Mr. Rime
Helping Hand,93.038,Wishiwashi Solo Form
Helping Hand,46.678,Boltund
Helping Hand,12.270,Luxray
Helping Hand,8.793,Mow Rotom
Helping Hand,14.692,Cinccino
Helping Hand,83.865,Blissey
Helping Hand,41.362,Mime Galarian Mr. Mime
Helping Hand,32.767,Lilligant
Helping Hand,25.791,Togetic
Helping Hand,11.101,Sylveon
Helping Hand,15.470,Slurpuff
Helping Hand,54.204,Emolga
Helping Hand,46.642,Ribombee
Helping Hand,76.087,Vaporeon
Helping Hand,35.364,Mr. Mime
Helping Hand,51.443,Lopunny
Helping Hand,46.579,Aromatisse
Helping Hand,7.956,Stoutland
Helping Hand,18.880,Dedenne
Helping Hand,9.929,Reuniclus
Helping Hand,16.909,Maractus
Helping Hand,12.679,Lickilicky
Spore,99.938,Amoonguss
Spore,90.823,Shiinotic
Rage Powder,99.642,Amoonguss
Rage Powder,95.946,Volcarona
Rage Powder,81.326,Butterfree
Rage Powder,81.004,Tangrowth
Rage Powder,99.843,Tangela
Pollen Puff,46.926,Amoonguss
Pollen Puff,79.360,Butterfree
Pollen Puff,82.623,Cherrim
Pollen Puff,28.564,Lilligant
Pollen Puff,74.437,Ribombee
Pollen Puff,15.559,Shiinotic
Pollen Puff,94.130,Eldegoss
Giga Drain,19.295,Amoonguss
Giga Drain,37.765,Comfey
Giga Drain,21.747,Celesteela
Giga Drain,9.256,Araquanid
Giga Drain,7.311,Hatterene
Giga Drain,20.100,Ludicolo
Giga Drain,5.021,Sceptile
Giga Drain,9.123,Exeggutor
Giga Drain,51.129,Cradily
Giga Drain,39.789,Appletun
Giga Drain,16.091,Abomasnow
Giga Drain,7.043,Palossand
Giga Drain,13.245,Lilligant
Giga Drain,14.508,Shiinotic
Giga Drain,6.226,Roserade
Giga Drain,38.126,Tangrowth
Giga Drain,78.716,Polteageist
Giga Drain,84.389,Eldegoss
Giga Drain,12.843,Vileplume
Giga Drain,29.145,Cursola
Giga Drain,47.490,Maractus
Giga Drain,36.659,Tentacruel
Seed Bomb,8.792,Amoonguss
Seed Bomb,23.825,Calyrex Ice Rider
Seed Bomb,8.034,Celesteela
Seed Bomb,15.054,Perrserker
Seed Bomb,8.633,Morpeko Full Belly Mode
Seed Bomb,77.473,Gourgeist Super Size
Seed Bomb,9.689,Passimian
Hex,7.764,Amoonguss
Hex,36.398,Pincurchin
Hex,13.924,Galarian Corsola
Follow Me,99.822,Indeedee Female
Follow Me,96.579,Togekiss
Follow Me,98.900,Clefairy
Follow Me,93.001,Clefable
Follow Me,97.204,Togetic
Mystical Fire,6.706,Indeedee Female
Mystical Fire,24.637,Eternatus
Mystical Fire,8.853,Alcremie
Mystical Fire,82.513,Hatterene
Mystical Fire,13.225,Blacephalon
Mystical Fire,82.886,Clefable
Mystical Fire,78.219,Sylveon
Mystical Fire,10.513,Gardevoir
Safeguard,6.623,Indeedee Female
Safeguard,17.912,Mimikyu
Safeguard,20.675,Araquanid
Safeguard,50.625,Arcanine
Safeguard,12.189,Slowking
Safeguard,9.596,Cherrim
Safeguard,28.664,Altaria
Safeguard,15.124,Klefki
Shadow Ball,5.046,Indeedee Female
Shadow Ball,37.299,Porygon2
Shadow Ball,58.798,Tapu Lele
Shadow Ball,3.444,Dragapult
Shadow Ball,21.544,Indeedee Male
Shadow Ball,96.691,Spectrier
Shadow Ball,33.412,Chansey
Shadow Ball,37.892,Mewtwo
Shadow Ball,7.617,Wash Rotom
Shadow Ball,25.858,Galarian Articuno
Shadow Ball,6.399,Drifblim
Shadow Ball,83.892,Chandelure
Shadow Ball,61.221,Aegislash Shield Forme
Shadow Ball,59.488,Jellicent
Shadow Ball,83.472,Blacephalon
Shadow Ball,21.757,Abomasnow
Shadow Ball,25.445,Giratina Altered Forme
Shadow Ball,85.180,Gengar
Shadow Ball,79.464,Palossand
Shadow Ball,6.661,Sylveon
Shadow Ball,22.829,Alakazam
Shadow Ball,63.942,Cofagrigus
Shadow Ball,6.284,Vaporeon
Shadow Ball,97.519,Polteageist
Shadow Ball,5.630,Noivern
Shadow Ball,44.096,Jolteon
Shadow Ball,99.079,Cursola
Shadow Ball,8.167,Reuniclus
Shadow Ball,29.555,Exploud
Shadow Ball,26.019,Galarian Corsola
Shadow Ball,27.833,Decidueye
Tailwind,99.572,Whimsicott
Tailwind,99.854,Tornadus Incarnate Forme
Tailwind,98.844,Suicune
Tailwind,99.903,Talonflame
Tailwind,16.811,Galarian Articuno
Tailwind,78.914,Pelipper
Tailwind,99.749,Drifblim
Tailwind,66.780,Butterfree
Tailwind,99.835,Altaria
Tailwind,62.371,Mandibuzz
Tailwind,77.583,Latias
Tailwind,87.621,Aerodactyl
Tailwind,85.309,Articuno
Tailwind,77.586,Corviknight
Tailwind,17.024,Mantine
Tailwind,99.060,Crobat
Tailwind,29.340,Braviary
Tailwind,94.412,Unfezant
Tailwind,70.608,Noivern
Tailwind,89.620,Sigilyph
Moonblast,55.759,Whimsicott
Moonblast,86.398,Xerneas
Moonblast,6.572,Lunala
Moonblast,80.347,Tapu Fini
Moonblast,91.882,Tapu Lele
Moonblast,31.046,Clefairy
Moonblast,20.629,Alolan Ninetales
Moonblast,85.870,Primarina
Moonblast,5.137,Clefable
Moonblast,15.395,Cresselia
Moonblast,7.977,Sylveon
Moonblast,53.771,Ribombee
Moonblast,83.586,Shiinotic
Moonblast,7.134,Aromatisse
Moonblast,26.089,Gardevoir
Switcheroo,19.612,Whimsicott
Switcheroo,6.156,Klefki
Switcheroo,51.275,Lopunny
Cotton Spore,18.727,Whimsicott
Cotton Spore,4.323,Eldegoss
Dazzling Gleam,10.298,Whimsicott
Dazzling Gleam,88.556,Xerneas
Dazzling Gleam,12.954,Tapu Fini
Dazzling Gleam,74.918,Tapu Lele
Dazzling Gleam,88.140,Togekiss
Dazzling Gleam,19.882,Indeedee Male
Dazzling Gleam,31.825,Alcremie
Dazzling Gleam,21.802,Tapu Koko
Dazzling Gleam,98.520,Hatterene
Dazzling Gleam,44.600,Alolan Ninetales
Dazzling Gleam,16.839,Klefki
Dazzling Gleam,6.203,Clefable
Dazzling Gleam,72.009,Xurkitree
Dazzling Gleam,37.986,Gengar
Dazzling Gleam,6.114,Espeon
Dazzling Gleam,53.208,Togetic
Dazzling Gleam,81.682,Slurpuff
Dazzling Gleam,75.536,Alakazam
Dazzling Gleam,23.355,Starmie
Dazzling Gleam,13.230,Ribombee
Dazzling Gleam,34.592,Mr. Mime
Dazzling Gleam,7.838,Shiinotic
Dazzling Gleam,82.277,Aromatisse
Dazzling Gleam,97.582,Wigglytuff
Dazzling Gleam,73.770,Gardevoir
Dazzling Gleam,7.203,Tentacruel
Encore,6.480,Whimsicott
Encore,51.536,Accelgor
Encore,7.814,Togetic
Encore,5.499,Alolan Raichu
Encore,9.376,Ninetales
Encore,4.925,Emolga
Encore,7.980,Lopunny
Oblivion Wing,94.879,Yveltal
Dark Pulse,55.426,Yveltal
Dark Pulse,5.633,Tornadus Incarnate Forme
Dark Pulse,31.218,Blastoise
Dark Pulse,83.482,Hydreigon
Dark Pulse,13.354,Thundurus Therian Forme
Dark Pulse,10.092,Inteleon
Dark Pulse,11.828,Hatterene
Dark Pulse,45.551,Porygon-Z
Dark Pulse,44.908,Duraludon
Dark Pulse,22.436,Mow Rotom
Dark Pulse,48.631,Zoroark
Dark Pulse,51.133,Clawitzer
Dark Pulse,16.804,Thievul
Dark Pulse,20.054,Ninetales
Dark Pulse,18.340,Frost Rotom
Dark Pulse,13.210,Polteageist
Dark Pulse,19.873,Noivern
Dark Pulse,8.061,Beheeyem
Sucker Punch,46.599,Yveltal
Sucker Punch,98.103,Urshifu Single Strike Style
Sucker Punch,22.290,Sableye
Sucker Punch,92.159,Cinderace
Sucker Punch,7.116,Dragapult
Sucker Punch,13.306,Liepard
Sucker Punch,6.390,Hitmontop
Sucker Punch,6.971,Meowstic Male
Sucker Punch,16.920,Galarian Moltres
Sucker Punch,98.244,Kangaskhan
Sucker Punch,78.223,Shiftry
Sucker Punch,61.556,Pincurchin
Sucker Punch,96.162,Bisharp
Sucker Punch,95.402,Dugtrio
Sucker Punch,27.508,Grapploct
Sucker Punch,6.893,Zoroark
Sucker Punch,27.786,Golisopod
Sucker Punch,4.620,Lycanroc Dusk Form
Sucker Punch,4.659,Decidueye
Sucker Punch,29.126,Maractus
Sucker Punch,26.135,Lycanroc Midday Form
Glacial Lance,99.987,Calyrex Ice Rider
Body Press,16.525,Calyrex Ice Rider
Body Press,74.990,Ferrothorn
Body Press,44.194,Torkoal
Body Press,90.996,Bronzong
Body Press,13.137,Glastrier
Body Press,53.526,Stakataka
Body Press,25.692,Slowbro
Body Press,52.708,Mudsdale
Body Press,44.864,Gigalith
Body Press,26.619,Appletun
Body Press,97.884,Registeel
Body Press,64.218,Stonjourner
Body Press,30.903,Corviknight
Body Press,45.465,Kommo-o
Body Press,71.581,Runerigus
Body Press,12.098,Copperajah
Body Press,30.477,Hippowdon
Body Press,52.355,Cofagrigus
Body Press,7.151,Turtonator
Body Press,62.438,Magnezone
Body Press,12.081,Sandaconda
Body Press,70.578,Miltank
Body Press,49.779,Claydol
Body Press,8.182,Lickilicky
Body Press,92.580,Steelix
Iron Defense,15.771,Calyrex Ice Rider
Iron Defense,64.478,Ferrothorn
Iron Defense,82.208,Bronzong
Iron Defense,13.671,Slowking
Iron Defense,25.560,Slowbro
Iron Defense,12.545,Gigalith
Iron Defense,27.015,Appletun
Iron Defense,96.185,Registeel
Iron Defense,10.606,Corviknight
Iron Defense,45.465,Kommo-o
Iron Defense,6.993,Turtonator
Spacial Rend,95.295,Palkia
Hydro Pump,87.339,Palkia
Hydro Pump,57.369,Kingdra
Hydro Pump,5.338,Tapu Fini
Hydro Pump,6.112,Seismitoad
Hydro Pump,93.473,Lapras
Hydro Pump,9.451,Milotic
Hydro Pump,84.000,Wash Rotom
Hydro Pump,28.990,Ludicolo
Hydro Pump,70.102,Slowbro
Hydro Pump,24.024,Pincurchin
Hydro Pump,4.717,Jellicent
Hydro Pump,93.180,Wishiwashi Solo Form
Hydro Pump,82.963,Mantine
Hydro Pump,39.352,Starmie
Hydro Pump,4.913,Golduck
Hydro Pump,8.816,Galarian Slowbro
Hydro Pump,17.140,Crawdaunt
Hydro Pump,15.887,Cursola
Hydro Pump,12.163,Exploud
Hydro Pump,50.962,Tentacruel
Hydro Pump,26.033,Dragalge
Flamethrower,21.259,Palkia
Flamethrower,7.400,Dialga
Flamethrower,15.511,Torkoal
Flamethrower,72.593,Eternatus
Flamethrower,8.867,Dragapult
Flamethrower,13.641,Celesteela
Flamethrower,29.263,Arcanine
Flamethrower,44.143,Mewtwo
Flamethrower,68.506,Salamence
Flamethrower,12.189,Slowking
Flamethrower,32.402,Alolan Exeggutor
Flamethrower,22.748,Blacephalon
Flamethrower,27.349,Heatran
Flamethrower,32.067,Goodra
Flamethrower,38.335,Silvally
Flamethrower,95.415,Manectric
Flamethrower,37.546,Kommo-o
Flamethrower,9.896,Blissey
Flamethrower,87.070,Drampa
Flamethrower,16.792,Zoroark
Flamethrower,13.071,Slurpuff
Flamethrower,14.868,Turtonator
Flamethrower,14.108,Salazzle
Flamethrower,7.063,Galarian Slowbro
Flamethrower,15.157,Noivern
Flamethrower,73.147,Flygon
Flamethrower,64.579,Exploud
Flamethrower,58.700,Wigglytuff
Flamethrower,4.816,Lickilicky
Recover,67.506,Porygon2
Recover,37.963,Ho-oh
Recover,34.977,Eternatus
Recover,81.559,Lugia
Recover,74.765,Alcremie
Recover,32.260,Milotic
Recover,99.921,Toxapex
Recover,6.340,Jellicent
Recover,13.820,Latias
Recover,20.241,Cradily
Recover,27.734,Reuniclus
Recover,4.317,Orbeetle
Tri Attack,22.802,Porygon2
Tri Attack,53.847,Porygon-Z
Tri Attack,10.716,Blissey
Ally Switch,16.619,Porygon2
Ally Switch,96.977,Shedinja
Ally Switch,26.309,Sableye
Ally Switch,74.335,Gothitelle
Ally Switch,82.713,Bronzong
Ally Switch,11.747,Togekiss
Ally Switch,6.317,Dragapult
Ally Switch,53.806,Comfey
Ally Switch,15.681,Metagross
Ally Switch,5.648,Clefairy
Ally Switch,68.447,Mienshao
Ally Switch,34.467,Chansey
Ally Switch,5.418,Dusk Mane Necrozma
Ally Switch,4.952,Meowstic Male
Ally Switch,37.051,Wash Rotom
Ally Switch,16.236,Alolan Marowak
Ally Switch,59.192,Kingler
Ally Switch,77.416,Oranguru
Ally Switch,6.418,Nihilego
Ally Switch,9.186,Heliolisk
Ally Switch,31.462,Chandelure
Ally Switch,89.322,Froslass
Ally Switch,23.795,Latias
Ally Switch,96.007,Trevenant
Ally Switch,94.644,Swoobat
Ally Switch,34.486,Cresselia
Ally Switch,86.068,Dugtrio
Ally Switch,16.552,Gengar
Ally Switch,80.589,Espeon
Ally Switch,51.218,Hawlucha
Ally Switch,6.024,Mime Galarian Mr. Mime
Ally Switch,12.476,Dhelmise
Ally Switch,9.592,Runerigus
Ally Switch,71.905,Cofagrigus
Ally Switch,45.570,Ribombee
Ally Switch,13.044,Mr. Mime
Ally Switch,9.986,Magnezone
Ally Switch,3.867,Gallade
Ally Switch,33.341,Gourgeist Small Size
Ally Switch,11.027,Malamar
Ally Switch,13.432,Frost Rotom
Ally Switch,4.862,Polteageist
Ally Switch,14.567,Aromatisse
Ally Switch,67.222,Claydol
Ally Switch,43.420,Dedenne
Ally Switch,10.640,Dusknoir
Ally Switch,12.638,Wigglytuff
Brutal Swing,9.282,Tornadus Incarnate Forme
Brutal Swing,3.672,Raichu
Brutal Swing,19.036,Oranguru
Brutal Swing,41.955,Krookodile
Brutal Swing,19.264,Dracozolt
Brutal Swing,38.672,Alolan Exeggutor
Brutal Swing,10.415,Goodra
Brutal Swing,9.288,Scyther
Detect,28.526,Zapdos
Detect,22.811,Urshifu Single Strike Style
Detect,21.076,Urshifu Rapid Strike Style
Detect,8.120,Galarian Zapdos
Detect,26.106,Alolan Marowak
Detect,38.050,Riolu
Detect,9.855,Conkeldurr
Detect,17.947,Blaziken
Detect,54.959,Grapploct
Detect,3.882,Zoroark
Detect,29.659,Sirfetch'd
Detect,10.533,Unfezant
Detect,27.258,Jolteon
Detect,43.440,Marowak
Detect,23.342,Flareon
Roost,15.034,Zapdos
Roost,25.813,Mandibuzz
Roost,10.686,Dragonite
Roost,81.883,Corviknight
Roost,46.221,Dunsparce
Roost,91.575,Noctowl
Weather Ball,13.405,Zapdos
Weather Ball,74.341,Venusaur
Weather Ball,20.378,Thundurus Therian Forme
Weather Ball,8.603,Ludicolo
Weather Ball,83.581,Heliolisk
Weather Ball,51.643,Moltres
Weather Ball,92.090,Drifblim
Weather Ball,47.691,Articuno
Weather Ball,19.464,Leafeon
Weather Ball,37.488,Glaceon
Weather Ball,48.143,Espeon
Weather Ball,24.207,Jolteon
Weather Ball,84.609,Maractus
Leaf Blade,99.828,Kartana
Leaf Blade,26.859,Shiftry
Leaf Blade,7.619,Sceptile
Leaf Blade,76.994,Lurantis
Leaf Blade,51.141,Leafeon
Leaf Blade,73.099,Virizion
Leaf Blade,51.716,Sirfetch'd
Leaf Blade,22.641,Gallade
Leaf Blade,50.742,Decidueye
Smart Strike,98.388,Kartana
Smart Strike,9.785,Cobalion
Smart Strike,6.010,Seaking
Aerial Ace,90.580,Kartana
Aerial Ace,29.688,Dracozolt
Aerial Ace,10.724,Gallade
Aerial Ace,23.487,Heracross
Hydro Cannon,85.941,Blastoise
Terrain Pulse,7.782,Blastoise
Terrain Pulse,79.634,Clawitzer
Sleep Powder,87.975,Venusaur
Sleep Powder,96.230,Butterfree
Sleep Powder,83.252,Alolan Exeggutor
Sleep Powder,93.858,Lilligant
Sleep Powder,92.891,Roserade
Sleep Powder,72.667,Tangrowth
Sleep Powder,99.799,Tangela
Sleep Powder,88.358,Eldegoss
Sleep Powder,94.007,Vileplume
Sludge Bomb,41.102,Venusaur
Sludge Bomb,83.793,Weezing
Sludge Bomb,55.993,Eternatus
Sludge Bomb,18.408,Landorus Incarnate Forme
Sludge Bomb,10.883,Thundurus Therian Forme
Sludge Bomb,27.757,Galarian Weezing
Sludge Bomb,87.910,Nihilego
Sludge Bomb,20.438,Jellicent
Sludge Bomb,29.745,Cradily
Sludge Bomb,32.545,Goodra
Sludge Bomb,64.906,Gengar
Sludge Bomb,30.638,Zoroark
Sludge Bomb,27.498,Salazzle
Sludge Bomb,93.605,Toxtricity Low Key Form
Sludge Bomb,16.924,Galarian Slowbro
Sludge Bomb,99.818,Roserade
Sludge Bomb,16.585,Tangrowth
Sludge Bomb,19.632,Tangela
Sludge Bomb,80.150,Vileplume
Sludge Bomb,92.384,Tentacruel
Sludge Bomb,86.902,Dragalge
Frenzy Plant,29.596,Venusaur
Leech Seed,71.176,Ferrothorn
Leech Seed,37.948,Celesteela
Leech Seed,8.532,Tapu Bulu
Leech Seed,4.862,Cherrim
Leech Seed,82.452,Exeggutor
Leech Seed,26.518,Alolan Exeggutor
Leech Seed,50.409,Cradily
Leech Seed,74.628,Appletun
Leech Seed,5.314,Tangrowth
Leech Seed,90.805,Tangela
Leech Seed,33.642,Maractus
Power Whip,54.295,Ferrothorn
Power Whip,90.577,Seismitoad
Power Whip,80.680,Tsareena
Power Whip,72.523,Gyarados
Power Whip,93.600,Centiskorch
Power Whip,19.181,Goodra
Power Whip,72.612,Dhelmise
Power Whip,41.499,Copperajah
Power Whip,40.912,Gourgeist Small Size
Power Whip,17.602,Gourgeist Super Size
Power Whip,15.788,Lickilicky
Power Whip,100.000,Gourgeist Large Size
Gyro Ball,33.770,Ferrothorn
Gyro Ball,76.334,Stakataka
Gyro Ball,86.833,Greedent
Gyro Ball,9.427,Perrserker
Gyro Ball,3.126,Lickilicky
Transform,100.000,Ditto
Wicked Blow,99.409,Urshifu Single Strike Style
Close Combat,98.953,Urshifu Single Strike Style
Close Combat,98.438,Urshifu Rapid Strike Style
Close Combat,13.412,Barraskewda
Close Combat,93.054,Pheromosa
Close Combat,52.680,Zamazenta Crowned Shield
Close Combat,99.302,Mienshao
Close Combat,19.604,Glastrier
Close Combat,77.873,Hitmontop
Close Combat,34.009,Galarian Zapdos
Close Combat,47.328,Escavalier
Close Combat,14.788,Lucario
Close Combat,42.491,Mudsdale
Close Combat,30.294,Obstagoon
Close Combat,61.933,Scrafty
Close Combat,48.927,Conkeldurr
Close Combat,64.670,Terrakion
Close Combat,88.937,Cobalion
Close Combat,5.209,Machamp
Close Combat,11.669,Tyrantrum
Close Combat,30.935,Blaziken
Close Combat,45.632,Hawlucha
Close Combat,10.076,Haxorus
Close Combat,97.334,Braviary
Close Combat,65.522,Virizion
Close Combat,23.175,Sharpedo
Close Combat,79.028,Sirfetch'd
Close Combat,74.369,Gallade
Close Combat,2.553,Lopunny
Close Combat,34.831,Golisopod
Close Combat,89.490,Lycanroc Dusk Form
Close Combat,71.445,Perrserker
Close Combat,81.375,Bouffalant
Close Combat,9.528,Crawdaunt
Close Combat,97.664,Heracross
Close Combat,93.997,Falinks
Close Combat,94.732,Passimian
Close Combat,46.490,Lycanroc Midday Form
Close Combat,28.473,Poliwrath
Close Combat,28.055,Lycanroc Midnight Form
Close Combat,63.549,Hitmonlee
Poison Jab,7.804,Urshifu Single Strike Style
Poison Jab,5.298,Urshifu Rapid Strike Style
Poison Jab,4.799,Pheromosa
Poison Jab,11.245,Toxicroak
Poison Jab,24.121,Bisharp
Poison Jab,19.973,Conkeldurr
Poison Jab,8.238,Hawlucha
Poison Jab,3.347,Haxorus
Poison Jab,19.311,Sirfetch'd
Poison Jab,20.833,Gallade
Poison Jab,8.534,Golisopod
Poison Jab,23.912,Drapion
Poison Jab,7.903,Poliwrath
Poison Jab,9.603,Hitmonlee
Poison Jab,90.139,Scolipede
Poison Jab,6.758,Dunsparce
Geomancy,99.830,Xerneas
Roar Of Time,83.577,Dialga
Flash Cannon,81.213,Dialga
Flash Cannon,11.624,White Kyurem
Flash Cannon,58.062,Celesteela
Flash Cannon,12.506,Dusk Mane Necrozma
Flash Cannon,46.602,Hydreigon
Flash Cannon,57.482,Aegislash Shield Forme
Flash Cannon,92.256,Duraludon
Flash Cannon,70.739,Heatran
Flash Cannon,13.838,Vikavolt
Flash Cannon,13.816,Kommo-o
Flash Cannon,83.459,Turtonator
Flash Cannon,96.756,Magnezone
Flash Cannon,91.962,Magneton
Flash Cannon,11.082,Reuniclus
Flash Cannon,7.316,Sigilyph
Flash Cannon,73.532,Beheeyem
Overheat,16.215,Dialga
Overheat,99.979,Heat Rotom
Overheat,4.594,Rayquaza
Overheat,8.209,Volcarona
Overheat,20.404,Talonflame
Overheat,9.951,Chandelure
Overheat,6.108,Manectric
Overheat,10.983,Blaziken
Overheat,93.984,Torracat
Overheat,21.689,Salazzle
Overheat,48.736,Ninetales
Overheat,11.474,Exploud
Steel Beam,14.880,Dialga
Steel Beam,75.212,Lucario
Steel Beam,8.738,Duraludon
Steel Beam,6.840,Heatran
Steel Beam,8.127,Magnezone
Steel Beam,8.100,Magneton
Power Gem,9.049,Dialga
Power Gem,5.125,Dusk Mane Necrozma
Power Gem,87.349,Nihilego
Power Gem,8.939,Cursola
Dragon Pulse,7.895,Dialga
Dragon Pulse,93.750,Regidrago
Dragon Pulse,4.689,Heliolisk
Dragon Pulse,15.512,Sceptile
Dragon Pulse,20.966,Duraludon
Dragon Pulse,24.042,Appletun
Dragon Pulse,17.419,Giratina Altered Forme
Dragon Pulse,28.146,Goodra
Dragon Pulse,27.603,Clawitzer
Dragon Pulse,10.923,Turtonator
Dragon Pulse,61.955,Flygon
Dragon Pulse,12.992,Dragalge
Shadow Sneak,98.581,Shedinja
Shadow Sneak,62.111,Dusclops
Shadow Sneak,36.811,Sableye
Shadow Sneak,92.864,Mimikyu
Shadow Sneak,95.597,Giratina Origin Forme
Shadow Sneak,67.253,Aegislash Shield Forme
Shadow Sneak,23.608,Giratina Altered Forme
Shadow Sneak,8.972,Gallade
Shadow Sneak,31.459,Gourgeist Small Size
Shadow Sneak,19.472,Gourgeist Super Size
Shadow Sneak,16.285,Dusknoir
Shadow Sneak,27.431,Decidueye
Shadow Sneak,99.986,Gourgeist Large Size
Poltergeist,91.871,Shedinja
Poltergeist,41.903,Alolan Marowak
Poltergeist,82.311,Giratina Origin Forme
Poltergeist,94.698,Trevenant
Poltergeist,83.651,Dhelmise
Poltergeist,32.135,Runerigus
Poltergeist,6.768,Gourgeist Small Size
Poltergeist,92.839,Dusknoir
Poltergeist,48.827,Decidueye
Poltergeist,75.387,Golurk
Endure,82.904,Shedinja
Endure,19.246,Shuckle
Endure,24.724,Rhyperior
Endure,32.885,Ninjask
Endure,15.593,Lycanroc Midday Form
Sunsteel Strike,99.911,Solgaleo
Sunsteel Strike,85.426,Dusk Mane Necrozma
Psychic Fangs,35.657,Solgaleo
Psychic Fangs,24.367,Dusk Mane Necrozma
Psychic Fangs,62.715,Dracovish
Psychic Fangs,10.582,Luxray
Psychic Fangs,6.225,Sharpedo
Psychic Fangs,18.472,Lycanroc Dusk Form
Psychic Fangs,9.602,Lycanroc Midday Form
Psychic Fangs,12.226,Lycanroc Midnight Form
Wide Guard,11.218,Solgaleo
Wide Guard,25.756,Lunala
Wide Guard,60.199,Regigigas
Wide Guard,30.339,Celesteela
Wide Guard,97.829,Araquanid
Wide Guard,52.704,Zamazenta Crowned Shield
Wide Guard,48.488,Mienshao
Wide Guard,78.786,Hitmontop
Wide Guard,46.740,Stakataka
Wide Guard,12.209,Swampert
Wide Guard,20.130,Pelipper
Wide Guard,61.137,Kingler
Wide Guard,33.461,Aegislash Shield Forme
Wide Guard,31.987,Gigalith
Wide Guard,85.889,Aerodactyl
Wide Guard,41.110,Stonjourner
Wide Guard,12.818,Conkeldurr
Wide Guard,94.773,Mantine
Wide Guard,94.075,Machamp
Wide Guard,9.545,Turtonator
Wide Guard,7.525,Gallade
Night Shade,67.739,Dusclops
Night Shade,9.682,Jellicent
Night Shade,4.317,Runerigus
Night Shade,14.732,Cofagrigus
Night Shade,52.400,Galarian Corsola
Pain Split,22.982,Dusclops
Pain Split,13.078,Giratina Altered Forme
Pain Split,3.745,Dusknoir
Haze,9.145,Dusclops
Haze,61.551,Altaria
Haze,83.127,Crobat
Haze,52.481,Vaporeon
Haze,54.890,Galarian Corsola
Eruption,60.986,Torkoal
Burning Jealousy,36.362,Torkoal
Burning Jealousy,33.404,Zoroark
Burning Jealousy,5.734,Thievul
Burning Jealousy,14.324,Turtonator
Burning Jealousy,15.740,Ninetales
Burning Jealousy,46.833,Cursola
Draco Meteor,67.739,Kingdra
Draco Meteor,79.675,White Kyurem
Draco Meteor,3.283,Dragapult
Draco Meteor,58.059,Rayquaza
Draco Meteor,93.071,Reshiram
Draco Meteor,59.592,Hydreigon
Draco Meteor,89.562,Regidrago
Draco Meteor,64.434,Zekrom
Draco Meteor,12.207,Salamence
Draco Meteor,6.134,Giratina Origin Forme
Draco Meteor,7.671,Altaria
Draco Meteor,16.308,Alolan Exeggutor
Draco Meteor,79.107,Duraludon
Draco Meteor,61.082,Appletun
Draco Meteor,8.428,Giratina Altered Forme
Draco Meteor,34.108,Goodra
Draco Meteor,58.197,Drampa
Draco Meteor,77.974,Turtonator
Draco Meteor,91.591,Noivern
Draco Meteor,15.644,Flygon
Draco Meteor,88.575,Dragalge
Outrage,27.002,Kingdra
Outrage,12.294,Zygarde Complete Forme
Outrage,12.738,Dracovish
Outrage,5.209,Salamence
Outrage,8.226,Tyranitar
Outrage,54.128,Garchomp
Outrage,35.972,Dracozolt
Outrage,10.926,Dragonite
Outrage,17.272,Giratina Altered Forme
Outrage,21.096,Black Kyurem
Outrage,11.452,Goodra
Outrage,87.645,Tyrantrum
Outrage,3.995,Haxorus
Outrage,12.226,Flapple
Waterfall,26.476,Kingdra
Waterfall,10.256,Barraskewda
Waterfall,99.407,Gyarados
Waterfall,10.643,Kabutops
Waterfall,10.797,Eiscue Ice Face
Waterfall,53.071,Sharpedo
Waterfall,7.553,Crawdaunt
Waterfall,5.122,Seaking
Waterfall,39.057,Poliwrath
Muddy Water,14.093,Kingdra
Muddy Water,58.173,Tapu Fini
Muddy Water,65.185,Milotic
Muddy Water,26.896,Ludicolo
Muddy Water,60.292,Slowking
Muddy Water,5.396,Jellicent
Muddy Water,8.063,Vaporeon
Muddy Water,17.863,Golduck
Muddy Water,12.156,Tentacruel
Muddy Water,5.121,Lickilicky
Nuzzle,84.644,Raichu
Nuzzle,10.080,Pikachu
Nuzzle,96.414,Togedemaru
Nuzzle,49.070,Boltund
Nuzzle,93.289,Emolga
Nuzzle,83.039,Dedenne
Tail Whip,4.506,Raichu
Feint,3.954,Raichu
Feint,6.526,Pheromosa
Feint,19.536,Mienshao
Feint,15.948,Weavile
Feint,52.647,Hitmontop
Feint,21.703,Talonflame
Feint,85.010,Toxicroak
Feint,34.183,Riolu
Feint,4.838,Accelgor
Sacred Fire,88.425,Entei
Sacred Fire,84.238,Ho-oh
Stomping Tantrum,14.102,Entei
Stomping Tantrum,80.505,Seismitoad
Stomping Tantrum,79.646,Metagross
Stomping Tantrum,50.526,Galarian Zapdos
Stomping Tantrum,7.269,Garchomp
Stomping Tantrum,64.555,Gigalith
Stomping Tantrum,83.167,Durant
Stomping Tantrum,28.727,Terrakion
Stomping Tantrum,97.933,Garbodor
Stomping Tantrum,11.301,Tyrantrum
Stomping Tantrum,71.558,Arctozolt
Stomping Tantrum,17.549,Lycanroc Midnight Form
Stomping Tantrum,4.777,Lickilicky
Moongeist Beam,99.996,Lunala
Moongeist Beam,99.996,Dawn Wings Necrozma
Meteor Beam,94.444,Lunala
Meteor Beam,14.663,Eternatus
Meteor Beam,92.932,Coalossal
Meteor Beam,4.713,Rayquaza
Meteor Beam,95.905,Dawn Wings Necrozma
Meteor Beam,45.651,Celesteela
Meteor Beam,23.500,Nihilego
Meteor Beam,42.174,Cradily
Meteor Beam,41.698,Starmie
Meteor Beam,20.336,Cursola
Meteor Beam,41.929,Beheeyem
Moonlight,5.311,Lunala
Moonlight,79.625,Umbreon
Moonlight,5.286,Clefable
Moonlight,46.023,Cresselia
Freeze Dry,39.128,White Kyurem
Freeze Dry,89.979,Lapras
Freeze Dry,70.517,Alolan Ninetales
Freeze Dry,67.208,Articuno
Freeze Dry,98.571,Mr. Rime
Freeze Dry,99.721,Glaceon
Freeze Dry,91.832,Vanilluxe
Freeze Dry,97.435,Arctovish
Calm Mind,40.074,Tapu Fini
Calm Mind,6.149,Ho-oh
Calm Mind,64.500,Lugia
Calm Mind,67.626,Alcremie
Calm Mind,13.682,Slowking
Calm Mind,41.204,Galarian Articuno
Calm Mind,13.177,Latias
Calm Mind,16.519,Blacephalon
Calm Mind,13.065,Giratina Altered Forme
Calm Mind,34.040,Cresselia
Calm Mind,10.694,Blissey
Calm Mind,3.264,Orbeetle
Calm Mind,5.982,Noctowl
Heal Pulse,31.413,Tapu Fini
Heal Pulse,10.812,Cherrim
Heal Pulse,41.470,Latias
Heal Pulse,25.216,Blissey
Heal Pulse,24.070,Clawitzer
Heal Pulse,70.075,Aromatisse
Natures Madness,20.283,Tapu Fini
Natures Madness,14.898,Tapu Lele
Natures Madness,15.913,Tapu Koko
Scald,14.531,Tapu Fini
Scald,5.434,Dragapult
Scald,8.363,Araquanid
Scald,90.484,Suicune
Scald,25.404,Milotic
Scald,95.212,Politoed
Scald,28.693,Ludicolo
Scald,12.315,Slowking
Scald,76.433,Azumarill
Scald,99.846,Toxapex
Scald,94.045,Pelipper
Scald,44.706,Pincurchin
Scald,50.476,Starmie
Scald,83.766,Vaporeon
Scald,21.070,Golduck
Scald,21.570,Cursola
Scald,81.957,Seaking
Scald,33.149,Tentacruel
Surf,5.623,Tapu Fini
Surf,16.923,Dragapult
Surf,3.507,Lapras
Surf,33.030,Rayquaza
Surf,86.031,Sneasel
Surf,7.487,Ludicolo
Surf,53.147,Pikachu
Surf,28.468,Jellicent
Surf,59.229,Latias
Surf,44.252,Obstagoon
Surf,28.050,Goodra
Surf,94.750,Qwilfish
Surf,22.034,Alolan Raichu
Surf,10.010,Vaporeon
Surf,51.792,Golduck
Surf,3.728,Galarian Slowbro
Surf,35.829,Stoutland
Surf,13.052,Exploud
Surf,4.652,Seaking
Quash,83.107,Sableye
Sunny Day,24.331,Sableye
Sunny Day,5.795,Meowstic Male
Sunny Day,4.683,Sneasel
Sunny Day,92.090,Drifblim
Sunny Day,7.301,Cherrim
Sunny Day,39.137,Klefki
Sunny Day,9.995,Riolu
Sunny Day,6.856,Crobat
Surging Strikes,99.864,Urshifu Rapid Strike Style
Aqua Jet,91.829,Urshifu Rapid Strike Style
Aqua Jet,15.378,Azumarill
Aqua Jet,17.203,Dragonite
Aqua Jet,14.422,Kabutops
Aqua Jet,19.157,Clawitzer
Aqua Jet,98.485,Qwilfish
Aqua Jet,15.092,Beartic
Aqua Jet,42.398,Golisopod
Aqua Jet,63.646,Golduck
Aqua Jet,92.698,Crawdaunt
Psychic,82.087,Tapu Lele
Psychic,3.436,Lugia
Psychic,15.220,Meowstic Male
Psychic,3.966,Politoed
Psychic,7.485,Oranguru
Psychic,16.943,Cresselia
Psychic,7.556,Gengar
Psychic,37.243,Espeon
Psychic,5.679,Alolan Raichu
Psychic,10.077,Cofagrigus
Psychic,18.997,Starmie
Psychic,3.490,Ribombee
Psychic,4.068,Galarian Slowbro
Psychic,15.313,Claydol
Psychic,5.494,Sigilyph
Psychic,22.222,Orbeetle
Psychic,6.597,Beheeyem
Hypnosis,77.277,Gothitelle
Hypnosis,11.070,Bronzong
Hypnosis,50.544,Milotic
Hypnosis,12.363,Exeggutor
Hypnosis,5.279,Gengar
Hypnosis,53.850,Crobat
Hypnosis,51.111,Mime Galarian Mr. Mime
Hypnosis,8.447,Ninetales
Hypnosis,38.724,Golduck
Hypnosis,5.295,Unfezant
Hypnosis,15.595,Orbeetle
Liquidation,91.553,Seismitoad
Liquidation,84.181,Barraskewda
Liquidation,91.623,Araquanid
Liquidation,94.763,Swampert
Liquidation,13.001,Azumarill
Liquidation,81.599,Kabutops
Liquidation,99.611,Drednaw
Liquidation,6.812,Wishiwashi Solo Form
Liquidation,68.399,Cloyster
Liquidation,62.331,Beartic
Liquidation,20.198,Eiscue Ice Face
Liquidation,38.927,Sharpedo
Liquidation,90.634,Golisopod
Liquidation,37.905,Crawdaunt
Liquidation,58.636,Poliwrath
Liquidation,99.994,Corsola
Brave Bird,81.065,Ho-oh
Brave Bird,65.671,Tapu Koko
Brave Bird,93.244,Galarian Zapdos
Brave Bird,62.480,Talonflame
Brave Bird,37.405,Mandibuzz
Brave Bird,89.734,Corviknight
Brave Bird,74.159,Crobat
Brave Bird,17.577,Blaziken
Brave Bird,9.564,Hawlucha
Brave Bird,99.987,Braviary
Brave Bird,33.114,Sirfetch'd
Brave Bird,88.439,Unfezant
Brave Bird,30.498,Decidueye
Burn Up,6.992,Ho-oh
Burn Up,18.863,Moltres
Iron Head,5.768,Ho-oh
Iron Head,29.976,Cinderace
Iron Head,8.392,Bronzong
Iron Head,8.331,Celesteela
Iron Head,75.875,Metagross
Iron Head,5.745,Snorlax
Iron Head,99.473,Escavalier
Iron Head,9.738,Tyranitar
Iron Head,5.116,Giratina Origin Forme
Iron Head,35.248,Togedemaru
Iron Head,7.054,Garchomp
Iron Head,97.594,Excadrill
Iron Head,26.540,Aegislash Shield Forme
Iron Head,49.988,Mudsdale
Iron Head,52.682,Gigalith
Iron Head,78.545,Bisharp
Iron Head,60.238,Corviknight
Iron Head,100.000,Durant
Iron Head,90.211,Cobalion
Iron Head,13.048,Hawlucha
Iron Head,12.333,Dhelmise
Iron Head,61.240,Copperajah
Iron Head,9.379,Eiscue Ice Face
Iron Head,11.040,Hippowdon
Iron Head,8.632,Lycanroc Dusk Form
Iron Head,90.865,Perrserker
Iron Head,27.362,Bouffalant
Iron Head,36.301,Sandaconda
Iron Head,6.950,Stoutland
Iron Head,61.839,Falinks
Iron Head,77.228,Passimian
Iron Head,6.944,Lycanroc Midday Form
Iron Head,42.398,Marowak
Iron Head,64.331,Alolan Sandslash
Iron Head,6.649,Lycanroc Midnight Form
Iron Head,93.224,Steelix
Nasty Plot,60.352,Heat Rotom
Nasty Plot,13.675,Hydreigon
Nasty Plot,42.430,Galarian Moltres
Nasty Plot,24.378,Wash Rotom
Nasty Plot,10.223,Swoobat
Nasty Plot,9.508,Mow Rotom
Nasty Plot,11.469,Gengar
Nasty Plot,5.636,Alolan Raichu
Nasty Plot,11.458,Alakazam
Nasty Plot,17.652,Frost Rotom
Nasty Plot,88.403,Fan Rotom
Nasty Plot,31.279,Noctowl
Dynamax Cannon,71.187,Eternatus
Cosmic Power,33.131,Eternatus
Cosmic Power,9.989,Clefable
Toxic,21.734,Eternatus
Toxic,76.158,Shuckle
Toxic,99.726,Toxapex
Toxic,16.287,Accelgor
Toxic,4.278,Salazzle
Toxic,34.385,Drapion
Ice Punch,74.543,Regigigas
Ice Punch,58.683,Metagross
Ice Punch,12.049,Tyranitar
Ice Punch,6.015,Kangaskhan
Ice Punch,9.611,Registeel
Ice Punch,7.649,Rhyperior
Ice Punch,95.004,Electivire
Ice Punch,40.118,Diggersby
Ice Punch,72.094,Conkeldurr
Ice Punch,7.662,Grapploct
Ice Punch,6.380,Gallade
Ice Punch,2.927,Lopunny
Ice Punch,5.291,Miltank
Ice Punch,4.577,Bewear
Ice Punch,22.824,Poliwrath
Ice Punch,7.682,Golurk
High Jump Kick,80.067,Cinderace
High Jump Kick,25.393,Tsareena
High Jump Kick,23.597,Lopunny
High Jump Kick,33.543,Hitmonlee
Pyro Ball,73.923,Cinderace
Coaching,9.529,Cinderace
Coaching,69.878,Pheromosa
Coaching,76.272,Zamazenta Crowned Shield
Coaching,9.222,Mienshao
Coaching,14.432,Galarian Zapdos
Coaching,99.350,Riolu
Coaching,24.060,Scrafty
Coaching,29.875,Blaziken
Coaching,75.565,Hawlucha
Coaching,8.538,Grapploct
Coaching,3.849,Gallade
Coaching,21.662,Hitmonlee
Dragon Darts,83.820,Dragapult
Phantom Force,75.683,Dragapult
Phantom Force,5.760,Giratina Origin Forme
Phantom Force,8.301,Dhelmise
Phantom Force,8.011,Runerigus
Dragon Dance,10.912,Dragapult
Dragon Dance,9.151,Dusk Mane Necrozma
Dragon Dance,4.514,Hydreigon
Dragon Dance,6.529,Zekrom
Dragon Dance,11.306,Tyranitar
Dragon Dance,29.898,Dragonite
Dragon Dance,5.062,Black Kyurem
Dragon Dance,11.253,Flapple
Dragon Dance,5.839,Flygon
Dragon Claw,5.582,Dragapult
Dragon Claw,27.678,Zekrom
Dragon Claw,9.536,Salamence
Dragon Claw,5.866,Giratina Origin Forme
Dragon Claw,21.875,Garchomp
Dragon Claw,9.287,Dracozolt
Dragon Claw,32.854,Dragonite
Dragon Claw,39.873,Black Kyurem
Dragon Claw,10.836,Haxorus
Dragon Claw,9.245,Flygon
Dragon Claw,94.407,Druddigon
Dive,4.601,Dragapult
Breaking Swipe,4.489,Dragapult
Breaking Swipe,4.724,Zygarde Complete Forme
Breaking Swipe,15.355,Dracozolt
Breaking Swipe,64.512,Altaria
Breaking Swipe,5.470,Latias
Breaking Swipe,38.497,Dragonite
Breaking Swipe,12.353,Giratina Altered Forme
Breaking Swipe,6.585,Black Kyurem
Breaking Swipe,54.358,Goodra
Breaking Swipe,45.295,Kommo-o
Breaking Swipe,81.479,Haxorus
After You,11.887,Indeedee Male
After You,28.422,Clefairy
After You,94.234,Lilligant
After You,9.259,Togetic
After You,69.546,Slurpuff
After You,10.438,Aromatisse
After You,65.575,Stoutland
After You,85.939,Vileplume
Floral Healing,98.635,Comfey
Draining Kiss,81.263,Comfey
Perish Song,13.826,Lapras
Perish Song,17.790,Politoed
Perish Song,76.382,Azumarill
Perish Song,12.571,Alolan Marowak
Perish Song,8.880,Primarina
Perish Song,13.655,Gengar
Perish Song,19.085,Cursola
Perish Song,7.499,Marowak
Ice Shard,6.266,Lapras
Ice Shard,88.540,Mamoswine
Ice Shard,7.595,Weavile
Ice Shard,29.597,Froslass
Ice Shard,32.137,Articuno
Ice Shard,56.567,Abomasnow
Ice Shard,25.649,Cloyster
Ice Shard,32.859,Vanilluxe
Dragon Ascent,41.258,Rayquaza
Scale Shot,24.856,Rayquaza
Blue Flare,74.391,Reshiram
Fusion Flare,15.000,Reshiram
Thousand Arrows,98.354,Zygarde Complete Forme
Coil,95.640,Zygarde Complete Forme
Coil,55.165,Milotic
Coil,48.199,Centiskorch
Coil,36.854,Sandaconda
Coil,52.707,Dunsparce
Icicle Crash,78.325,Mamoswine
Icicle Crash,92.194,Glastrier
Icicle Crash,99.805,Darmanitan Galarian Standard Mode
Icicle Crash,99.809,Beartic
Icicle Crash,95.947,Eiscue Ice Face
Icicle Crash,96.658,Arctozolt
Icicle Crash,50.796,Alolan Sandslash
Icicle Spear,27.808,Mamoswine
Icicle Spear,64.503,Black Kyurem
Icicle Spear,99.961,Cloyster
Icicle Spear,96.610,Arctovish
Gravity,67.415,Dawn Wings Necrozma
Photon Geyser,29.646,Dawn Wings Necrozma
Photon Geyser,21.428,Dusk Mane Necrozma
Drill Run,63.825,Barraskewda
Drill Run,94.319,Escavalier
Drill Run,9.435,Golisopod
Drill Run,11.044,Lycanroc Dusk Form
Drill Run,6.488,Sandaconda
Drill Run,7.835,Seaking
Drill Run,15.835,Lycanroc Midday Form
Drill Run,54.276,Alolan Sandslash
Drill Run,11.157,Dunsparce
Drill Run,69.881,Sandslash
Flip Turn,9.286,Barraskewda
Flip Turn,9.243,Primarina
Flip Turn,6.943,Kabutops
Flip Turn,45.573,Starmie
Flip Turn,60.274,Sharpedo
Flip Turn,4.409,Vaporeon
Flip Turn,43.931,Golduck
Thunder Punch,44.466,Metagross
Thunder Punch,7.120,Tyranitar
Thunder Punch,4.430,Dragonite
Thunder Punch,17.430,Rhyperior
Thunder Punch,6.206,Electivire
Thunder Punch,34.781,Dusknoir
Thunder Punch,25.380,Marowak
Thunder Punch,6.365,Golurk
Bullet Punch,12.183,Metagross
Bullet Punch,99.999,Scizor
Bullet Punch,15.779,Lucario
Bullet Punch,34.106,Riolu
Bullet Punch,11.015,Machamp
Bullet Punch,24.477,Hitmonlee
Steel Roller,8.608,Metagross
Steel Roller,6.309,Snorlax
Steel Roller,6.677,Azumarill
Steel Roller,36.696,Dhelmise
Steel Roller,36.763,Copperajah
Steel Roller,84.409,Miltank
Steel Roller,39.556,Alolan Sandslash
Steel Roller,45.104,Lickilicky
Steel Roller,51.167,Scolipede
Steel Roller,95.351,Sandslash
Leech Life,43.037,Araquanid
Leech Life,86.706,Centiskorch
Leech Life,17.598,Lurantis
Leech Life,78.255,Golisopod
Leech Life,65.337,Ninjask
Lunge,42.459,Araquanid
Lunge,3.540,Pheromosa
Entrainment,8.442,Araquanid
Entrainment,17.248,Hawlucha
Entrainment,21.540,Lopunny
Quick Guard,35.293,Pheromosa
Quick Guard,13.803,Galarian Zapdos
Quick Guard,31.416,Talonflame
Quick Guard,8.061,Scizor
Quick Guard,43.442,Riolu
Quick Guard,7.470,Machamp
Quick Guard,11.449,Crobat
Quick Guard,21.952,Hawlucha
Quick Guard,7.842,Thievul
Quick Guard,5.608,Lycanroc Midday Form
Low Kick,4.338,Pheromosa
Low Kick,21.367,Dracovish
Low Kick,46.327,Bisharp
Low Kick,6.961,Beartic
Triple Axel,2.811,Pheromosa
Triple Axel,64.749,Weavile
Triple Axel,77.652,Tsareena
Triple Axel,6.657,Hitmontop
Triple Axel,94.762,Sneasel
Triple Axel,86.956,Cinccino
Triple Axel,49.242,Alolan Sandslash
Morning Sun,23.385,Arcanine
Behemoth Bash,99.973,Zamazenta Crowned Shield
Sing,7.900,Clefairy
Sing,32.420,Chansey
Sing,76.263,Azumarill
Life Dew,6.103,Clefairy
Life Dew,4.497,Milotic
Life Dew,58.569,Primarina
Life Dew,58.644,Blissey
Life Dew,55.790,Togetic
Aeroblast,96.945,Lugia
Seismic Toss,99.814,Chansey
Soft Boiled,99.724,Chansey
Soft Boiled,40.928,Blissey
Minimize,67.107,Chansey
Defense Curl,27.137,Chansey
Roar,50.304,Suicune
Acid Armor,66.589,Alcremie
Stored Power,66.412,Alcremie
Stored Power,13.671,Slowking
Stored Power,13.149,Latias
Stored Power,12.587,Swoobat
Stored Power,63.631,Polteageist
Stored Power,44.087,Dunsparce
Decorate,32.349,Alcremie
Aromatherapy,5.611,Alcremie
Aromatherapy,3.534,Clefable
Aromatherapy,25.803,Blissey
Aromatherapy,6.124,Eldegoss
Aromatherapy,17.414,Aromatisse
Copycat,94.071,Liepard
Copycat,70.238,Riolu
Copycat,50.875,Glaceon
Copycat,11.600,Espeon
Copycat,33.488,Zoroark
Hyper Voice,32.132,Hydreigon
Hyper Voice,78.479,Primarina
Hyper Voice,11.344,Manectric
Hyper Voice,94.163,Drampa
Hyper Voice,99.320,Sylveon
Hyper Voice,2.842,Vaporeon
Hyper Voice,2.911,Lopunny
Hyper Voice,13.498,Jolteon
Hyper Voice,42.862,Exploud
Hyper Voice,60.130,Wigglytuff
Hyper Voice,13.593,Maractus
Hyper Voice,65.412,Noctowl
Fire Blast,11.773,Hydreigon
Fire Blast,37.395,Mewtwo
Fire Blast,54.349,Slowking
Fire Blast,28.799,Moltres
Fire Blast,15.707,Blacephalon
Fire Blast,3.877,Galarian Slowbro
Fire Blast,25.819,Wigglytuff
Head Smash,4.567,Hydreigon
Head Smash,90.018,Drednaw
Head Smash,99.923,Tyrantrum
Head Smash,67.256,Eiscue Ice Face
Head Smash,99.994,Corsola
Lash Out,10.266,Weavile
Lash Out,26.397,Tyranitar
Lash Out,34.019,Gyarados
Lash Out,37.426,Mandibuzz
Lash Out,14.364,Darmanitan Standard Mode
Lash Out,7.240,Bisharp
Lash Out,83.705,Tauros
Lash Out,8.670,Malamar
Lash Out,61.087,Bouffalant
Fishious Rend,99.997,Dracovish
Fishious Rend,99.981,Arctovish
Ice Fang,30.620,Dracovish
Ice Fang,10.308,Luxray
Ice Fang,7.147,Hippowdon
Dragon Energy,99.997,Regidrago
Endeavor,11.784,Hitmontop
Endeavor,50.382,Sceptile
Endeavor,7.393,Tangrowth
Endeavor,18.473,Lycanroc Midday Form
Mach Punch,5.441,Hitmontop
Mach Punch,56.263,Conkeldurr
Dual Wingbeat,20.932,Zekrom
Dual Wingbeat,18.363,Talonflame
Dual Wingbeat,23.991,Salamence
Dual Wingbeat,85.617,Scizor
Dual Wingbeat,4.607,Giratina Origin Forme
Dual Wingbeat,61.366,Altaria
Dual Wingbeat,87.537,Dragonite
Dual Wingbeat,78.699,Aerodactyl
Dual Wingbeat,17.778,Giratina Altered Forme
Dual Wingbeat,7.270,Flapple
Dual Wingbeat,13.526,Sirfetch'd
Dual Wingbeat,62.120,Ninjask
Dual Wingbeat,97.928,Scyther
Bolt Strike,20.275,Zekrom
Fusion Bolt,19.848,Zekrom
Fusion Bolt,92.083,Black Kyurem
Shadow Claw,5.070,Zekrom
Shadow Claw,8.804,Salamence
Shadow Claw,9.842,Kangaskhan
Shadow Claw,4.301,Black Kyurem
Shadow Claw,6.501,Dhelmise
Shadow Claw,5.010,Runerigus
Guard Split,99.202,Shuckle
Guard Split,39.034,Runerigus
Guard Split,12.763,Cofagrigus
Power Split,95.393,Shuckle
Infestation,14.480,Shuckle
Thunderous Kick,67.987,Galarian Zapdos
Steel Wing,31.969,Galarian Zapdos
Steel Wing,10.233,Giratina Altered Forme
Steel Wing,52.602,Unfezant
Steel Wing,7.503,Scyther
Blaze Kick,15.202,Galarian Zapdos
Struggle Bug,67.987,Volcarona
Struggle Bug,8.929,Accelgor
Struggle Bug,21.286,Ribombee
Struggle Bug,6.764,Golisopod
Struggle Bug,75.494,Galvantula
Struggle Bug,21.826,Orbeetle
Quiver Dance,31.421,Volcarona
Quiver Dance,5.125,Butterfree
String Shot,11.671,Volcarona
String Shot,44.417,Slurpuff
Bug Buzz,8.421,Volcarona
Bug Buzz,14.291,Butterfree
Bug Buzz,99.997,Vikavolt
Bug Buzz,16.122,Accelgor
Bug Buzz,37.275,Galvantula
Bug Buzz,69.579,Orbeetle
Skill Swap,48.484,Meowstic Male
Skill Swap,94.994,Exeggutor
Skill Swap,52.608,Mime Galarian Mr. Mime
Skill Swap,58.279,Mr. Mime
Skill Swap,10.555,Reuniclus
Skill Swap,99.870,Mime Jr.
Belly Drum,48.899,Snorlax
Belly Drum,6.652,Azumarill
Belly Drum,99.812,Greedent
Belly Drum,91.653,Eiscue Ice Face
Belly Drum,71.300,Poliwrath
Belly Drum,9.388,Lickilicky
Self Destruct,44.587,Snorlax
Self Destruct,11.433,Mewtwo
Self Destruct,14.745,Lickilicky
Double Edge,42.949,Snorlax
Double Edge,13.369,Kangaskhan
Double Edge,9.701,Obstagoon
Double Edge,20.350,Leafeon
Curse,37.643,Snorlax
Curse,84.395,Swampert
Curse,43.187,Runerigus
Curse,11.831,Hippowdon
Curse,4.423,Cofagrigus
Curse,6.899,Galarian Corsola
Curse,3.057,Lickilicky
Body Slam,7.265,Snorlax
Body Slam,6.150,Garchomp
Body Slam,91.328,Tauros
Body Slam,58.495,Blissey
Body Slam,4.202,Bouffalant
Body Slam,27.631,Miltank
Body Slam,7.178,Bewear
Body Slam,25.991,Lickilicky
Body Slam,9.094,Dunsparce
Fiery Wrath,91.103,Galarian Moltres
Dragon Tail,4.881,Milotic
Dragon Tail,25.660,Duraludon
Psystrike,61.597,Mewtwo
Aura Sphere,6.664,Mewtwo
Aura Sphere,77.572,Lucario
Aura Sphere,12.425,Kommo-o
Aura Sphere,19.976,Blaziken
Aura Sphere,66.612,Clawitzer
Aura Sphere,3.912,Lopunny
Focus Blast,6.192,Mewtwo
Focus Blast,20.226,Sceptile
Focus Blast,18.123,Blaziken
Focus Blast,12.133,Zoroark
Focus Blast,10.205,Virizion
Focus Blast,20.822,Alolan Raichu
Focus Blast,28.557,Alakazam
Focus Blast,58.935,Reuniclus
Focus Blast,3.027,Wigglytuff
Gear Grind,99.916,Klinklang
Shift Gear,99.543,Klinklang
Snipe Shot,95.029,Inteleon
Focus Energy,66.680,Inteleon
Soak,4.752,Inteleon
Soak,60.977,Grapploct
Soak,5.847,Eiscue Ice Face
X Scissor,39.143,Escavalier
X Scissor,8.339,Kabutops
X Scissor,69.857,Leafeon
X Scissor,12.435,Crawdaunt
X Scissor,98.898,Crustle
X Scissor,42.915,Scyther
X Scissor,14.483,Scolipede
Megahorn,21.001,Escavalier
Megahorn,84.826,Drednaw
Megahorn,5.059,Virizion
Megahorn,97.194,Heracross
Megahorn,10.326,Falinks
Megahorn,6.702,Seaking
Megahorn,68.620,Scolipede
Slack Off,13.777,Slowking
Slack Off,70.251,Hippowdon
Swagger,12.189,Slowking
Swagger,43.536,Morpeko Full Belly Mode
Dig,6.640,Azumarill
Dig,61.483,Kabutops
Dig,73.021,Leafeon
Dig,7.498,Beartic
Dig,2.641,Ninetales
Dig,61.564,Ninjask
Freezing Glare,66.235,Galarian Articuno
Volt Tackle,45.301,Pikachu
Aurora Veil,67.600,Alolan Ninetales
Aurora Veil,45.985,Abomasnow
Aurora Veil,12.748,Vanilluxe
Extrasensory,8.987,Alolan Ninetales
Extrasensory,2.487,Ninetales
Extrasensory,9.946,Exploud
Shadow Bone,58.438,Alolan Marowak
Bonemerang,52.538,Alolan Marowak
Bonemerang,59.007,Marowak
Shadow Force,85.557,Giratina Origin Forme
Shadow Force,52.602,Giratina Altered Forme
Baneful Bunker,98.869,Toxapex
Strange Steam,72.417,Galarian Weezing
Crabhammer,88.500,Kingler
Crabhammer,54.524,Crawdaunt
Instruct,90.762,Oranguru
Acid Spray,6.687,Nihilego
Acid Spray,22.378,Accelgor
Acid Spray,94.512,Qwilfish
Spiky Shield,59.403,Togedemaru
Spiky Shield,65.895,Maractus
Fling,55.960,Togedemaru
Fling,68.999,Kangaskhan
Fling,4.587,Sceptile
Fling,10.604,Salazzle
Zing Zap,30.734,Togedemaru
Zing Zap,15.669,Pincurchin
Glare,76.717,Heliolisk
Glare,11.412,Sandaconda
Glare,92.875,Druddigon
Electrify,6.646,Heliolisk
Electrify,52.913,Boltund
Horn Leech,32.325,Tapu Bulu
Facade,69.465,Kangaskhan
Facade,7.096,Krookodile
Facade,99.693,Greedent
Facade,20.763,Obstagoon
Facade,6.160,Conkeldurr
Facade,51.858,Silvally
Facade,28.991,Lopunny
Facade,4.745,Heracross
Facade,10.966,Stoutland
Facade,22.920,Flareon
Power Trip,43.976,Krookodile
Horn Drill,9.172,Excadrill
Horn Drill,85.160,Seaking
Water Pledge,67.558,Primarina
Round,11.005,Primarina
Round,8.601,Ninetales
Round,90.095,Charjabug
Round,33.028,Ninjask
Solar Blade,68.495,Shiftry
Solar Blade,31.603,Cherrim
Solar Blade,50.024,Leafeon
Drain Punch,12.247,Toxicroak
Drain Punch,5.532,Lucario
Drain Punch,11.900,Scrafty
Drain Punch,42.404,Conkeldurr
Drain Punch,87.835,Grapploct
Drain Punch,2.961,Slurpuff
Drain Punch,21.693,Gallade
Drain Punch,10.695,Passimian
Drain Punch,92.737,Bewear
Drain Punch,46.428,Poliwrath
Drain Punch,23.279,Golurk
Bolt Beak,99.987,Dracozolt
Bolt Beak,97.917,Arctozolt
Fire Fang,39.850,Dracozolt
Fire Fang,24.690,Lycanroc Midday Form
Grass Pledge,81.233,Sceptile
Leer,70.496,Sceptile
Low Sweep,12.142,Sceptile
Venoshock,36.416,Pincurchin
Reversal,13.358,Pincurchin
Reversal,28.154,Blaziken
Reversal,3.716,Scyther
Kings Shield,98.243,Aegislash Shield Forme
Guard Swap,32.360,Porygon-Z
Meteor Mash,13.165,Lucario
Petal Blizzard,35.447,Cherrim
Petal Blizzard,21.531,Lilligant
Charm,38.513,Froslass
Charm,11.600,Espeon
Charm,15.492,Slurpuff
Charm,48.128,Emolga
Charm,5.584,Lopunny
Charm,90.365,Eldegoss
Charm,8.934,Stoutland
Charm,23.354,Jolteon
Charm,13.548,Dedenne
Destiny Bond,36.267,Froslass
Destiny Bond,7.674,Gengar
Destiny Bond,6.001,Runerigus
Destiny Bond,8.235,Gourgeist Small Size
Destiny Bond,8.771,Galarian Corsola
Frost Breath,30.395,Froslass
Strength Sap,70.026,Jellicent
Strength Sap,47.651,Shiinotic
Strength Sap,27.168,Polteageist
Strength Sap,28.844,Vileplume
Strength Sap,13.620,Cursola
Strength Sap,99.563,Galarian Corsola
Bone Rush,37.405,Mandibuzz
Synthesis,68.249,Lurantis
Synthesis,6.862,Eldegoss
Night Slash,6.067,Lurantis
Night Slash,98.793,Unfezant
Night Slash,17.200,Drapion
Night Slash,8.250,Scyther
Reflect Type,13.181,Latias
Dragon Hammer,7.882,Alolan Exeggutor
Stockpile,6.485,Cradily
Stockpile,21.203,Hippowdon
Obstruct,41.255,Obstagoon
Mind Blown,81.186,Blacephalon
Forests Curse,96.185,Trevenant
Magma Storm,22.163,Heatran
Apple Acid,33.800,Appletun
Psycho Cut,17.959,Bisharp
Psycho Cut,58.452,Gallade
Psycho Cut,29.385,Malamar
Amnesia,84.199,Registeel
Amnesia,14.285,Palossand
Amnesia,45.857,Dunsparce
Rock Blast,25.241,Rhyperior
Rock Blast,88.219,Garbodor
Rock Blast,85.250,Cinccino
Rock Blast,99.599,Cloyster
Rock Polish,7.173,Rhyperior
Stealth Rock,4.488,Rhyperior
Stealth Rock,9.797,Galarian Corsola
Sand Tomb,17.236,Stonjourner
Bite,40.109,Leafeon
Bite,9.139,Dunsparce
Baton Pass,96.329,Swoobat
Baton Pass,42.828,Espeon
Baton Pass,33.841,Polteageist
Baton Pass,62.772,Ninjask
Baton Pass,6.458,Scolipede
Bulk Up,12.557,Corviknight
Bulk Up,16.068,Braviary
Bulk Up,81.476,Bewear
First Impression,18.845,Durant
First Impression,37.130,Sirfetch'd
First Impression,52.463,Golisopod
Lunar Dance,11.774,Cresselia
Hammer Arm,7.178,Conkeldurr
Hammer Arm,6.219,Bewear
Hammer Arm,27.920,Lickilicky
Discharge,46.069,Boltund
Discharge,22.513,Xurkitree
Discharge,4.525,Alolan Raichu
Discharge,7.859,Magneton
Discharge,13.320,Jolteon
Discharge,7.019,Dedenne
Zen Headbutt,12.150,Terrakion
Zen Headbutt,15.758,Cobalion
Zen Headbutt,9.423,Copperajah
Zen Headbutt,23.346,Gallade
Zen Headbutt,3.710,Bouffalant
Zen Headbutt,12.434,Falinks
Zen Headbutt,8.962,Dunsparce
Freeze Shock,23.721,Black Kyurem
Noble Roar,3.208,Black Kyurem
Dynamic Punch,90.146,Machamp
Dynamic Punch,71.032,Golurk
Counter,7.244,Goodra
Skitter Smack,6.558,Goodra
Skitter Smack,3.912,Charjabug
Skitter Smack,9.242,Gourgeist Small Size
Skitter Smack,10.126,Sandaconda
Skitter Smack,24.434,Dusknoir
Skitter Smack,12.666,Drapion
Skitter Smack,11.842,Decidueye
Aqua Tail,5.801,Goodra
Aqua Tail,6.013,Seaking
Aqua Tail,11.025,Dunsparce
Explosion,99.967,Silvally
Explosion,7.640,Claydol
Water Shuriken,80.733,Accelgor
Final Gambit,19.177,Accelgor
Toxic Spikes,18.452,Accelgor
Toxic Spikes,13.567,Cofagrigus
Gunk Shot,99.828,Garbodor
Gunk Shot,17.874,Perrserker
Gunk Shot,4.099,Passimian
Gunk Shot,4.396,Druddigon
Baby Doll Eyes,12.086,Luxray
Baby Doll Eyes,3.383,Ninetales
Baby Doll Eyes,9.498,Lopunny
Memento,88.412,Dugtrio
Sludge Wave,11.926,Gengar
Sludge Wave,65.158,Salazzle
Sludge Wave,16.857,Toxtricity Low Key Form
Sludge Wave,5.422,Tentacruel
Sludge Wave,15.618,Dragalge
Clear Smog,3.314,Gengar
Clear Smog,5.004,Golduck
Shore Up,95.862,Palossand
Magic Room,14.192,Espeon
Magic Room,5.292,Ribombee
Absorb,6.872,Crobat
Bullet Seed,85.481,Cinccino
Tail Slap,72.288,Cinccino
Clanging Scales,52.485,Kommo-o
Clangorous Soul,43.180,Kommo-o
Shell Smash,38.357,Cloyster
Shell Smash,19.562,Polteageist
Shell Smash,31.547,Crustle
Scorching Sands,19.875,Blaziken
Scorching Sands,14.453,Turtonator
Scorching Sands,11.538,Ninetales
Scorching Sands,23.719,Claydol
Scorching Sands,4.580,Flygon
Acrobatics,45.147,Hawlucha
Acrobatics,7.401,Flapple
Acrobatics,9.629,Thievul
Acrobatics,4.105,Lopunny
Acrobatics,32.252,Passimian
Acrobatics,33.466,Ninjask
Flying Press,17.423,Hawlucha
Octolock,93.923,Grapploct
Topsy Turvy,32.348,Grapploct
Topsy Turvy,23.043,Malamar
Night Daze,28.918,Zoroark
Water Pulse,89.989,Clawitzer
Anchor Shot,54.891,Dhelmise
Grav Apple,88.344,Flapple
Dragon Rush,83.851,Flapple
Dragon Rush,8.670,Flygon
Beat Up,29.785,Thievul
Beat Up,38.801,Salazzle
Howl,8.562,Thievul
Howl,5.696,Lycanroc Dusk Form
Howl,33.354,Stoutland
Pluck,17.502,Arctozolt
Shell Trap,67.407,Turtonator
Poison Gas,4.488,Salazzle
Disable,2.335,Ninetales
Meteor Assault,19.784,Sirfetch'd
Tickle,31.732,Emolga
Electro Ball,6.360,Emolga
Bug Bite,82.394,Charjabug
Bug Bite,9.677,Scolipede
Sticky Web,6.957,Charjabug
Overdrive,99.887,Toxtricity Low Key Form
Boomburst,18.087,Toxtricity Low Key Form
Boomburst,5.259,Noivern
Boomburst,96.703,Exploud
Wish,15.233,Vaporeon
Healing Wish,21.116,Lopunny
Circle Throw,5.725,Lopunny
Trick Or Treat,49.872,Gourgeist Small Size
Trick Or Treat,74.892,Gourgeist Super Size
Simple Beam,11.144,Golduck
Psych Up,4.283,Golduck
Accelerock,87.034,Lycanroc Dusk Form
Accelerock,10.192,Lycanroc Midday Form
Shell Side Arm,82.170,Galarian Slowbro
Head Charge,89.719,Bouffalant
Cotton Guard,11.440,Bouffalant
Cotton Guard,6.906,Maractus
Teatime,6.644,Polteageist
Aura Wheel,99.949,Morpeko Full Belly Mode
Rapid Spin,9.693,Eldegoss
Milk Drink,18.392,Miltank
Metal Sound,31.141,Magneton
Retaliate,4.736,Stoutland
Super Fang,31.592,Noivern
Super Fang,42.671,Dedenne
Mud Slap,22.837,Jolteon
Grassy Terrain,14.193,Vileplume
No Retreat,95.948,Falinks
Parabolic Charge,19.359,Dedenne
Tearful Look,5.936,Dedenne
Rock Wrecker,67.011,Crustle
Cross Poison,20.513,Drapion
Spirit Shackle,26.500,Decidueye
Petal Dance,12.617,Maractus
Flail,32.884,Ninjask
Lava Plume,4.632,Flareon
Thief,5.452,Scyther
Fury Cutter,4.716,Scyther
Shadow Punch,21.708,Golurk
Wrap,23.041,Lickilicky
Thrash,17.229,Lickilicky
Headbutt,33.562,Dunsparce
Sleep Talk,9.898,Dunsparce
Dream Eater,6.179,Noctowl